circuit_id,method,status,selection_objective,selection_status,selection_error,tensor_v3_selection_status,tensor_v3_selection_error,tensor_v3_ranking_strategy,tensor_v3_profile,tensor_v3_mixed_slack,structural_cost,alphaq_target_status,alphaq_target_error,alphaq_nc_core_area_ratio,alphaq_dependency_core_area_ratio,alphaq_nc_core_area_delta_vs_original,alphaq_dependency_core_area_delta_vs_original,alphaq_nc_core_depth_ratio,alphaq_nc_core_width_ratio,alphaq_dependency_core_depth_ratio,alphaq_dependency_core_width_ratio,alphaq_total_depth_ratio,alphaq_total_area_ratio,alphaq_border_status,alphaq_border_error,alphaq_total_depth,alphaq_total_width,alphaq_total_area,alphaq_nc_core_depth,alphaq_nc_core_width,alphaq_nc_core_area,alphaq_core_tcount,alphaq_crossing_closure_count,alphaq_dependency_core_depth,alphaq_dependency_core_width,alphaq_dependency_core_area,alphaq_dependency_core_size,alphaq_dependency_core_tcount,alphaq_dependency_entangling_count,alphaq_dependency_closure_rounds,alphaq_dependency_internal_edge_count,alphaq_dependency_boundary_edge_count,alphaq_dependency_component_count,alphaq_dependency_largest_component_size,alphaq_dependency_largest_component_fraction,alphaq_dependency_chain_depth,alphaq_dependency_edge_density,alphaq_left_nc_core_depth,alphaq_left_nc_core_width,alphaq_left_nc_core_area,alphaq_left_crossing_closure_count,alphaq_right_nc_core_depth,alphaq_right_nc_core_width,alphaq_right_nc_core_area,alphaq_right_crossing_closure_count,alphaq_prefix_clifford_depth,alphaq_suffix_clifford_depth,alphaq_clifford_shaved_depth_fraction,primary_nc_depth_ratio,zx_total_depth_ratio,qasm_depth_ratio,tcount_ratio,tcount_after_selection,tdepth_after_selection,combo_index,assembled_qasm_path,error,tensor_v3_status,tensor_v3_error,tensor_v3_partition_id,tensor_v3_partition_kind,tensor_v3_tcount_tolerance,tensor_v3_target_mixed_weight,tensor_v3_gadget_mixed_weight,tensor_v3_gadget_mixed_weight_norm,tensor_v3_mixed_excess_norm,tensor_v3_mixed_auc_original,tensor_v3_mixed_auc_original_norm,tensor_v3_mixed_auc_greedy,tensor_v3_mixed_auc_greedy_norm,tensor_v3_singleton_bridge_count,tensor_v3_singleton_bridge_count_norm,tensor_v3_mixed_group_count,tensor_v3_mixed_group_count_norm,tensor_v3_num_factor_groups,tensor_v3_factor_count,tensor_v3_score_lex,tensor_v3_stable_factor_hash,tensor_v3_partition_metrics_json
cuccaro_adder_n3,public_resynth_tensor_v3_phase_slack,ok,tensor-v3,ok,,ok,,phase-slack-v1,conservative,0.2,3.303326810176125,ok,,0.5205479452054794,3.303326810176125,-0.3835616438356164,2.3170254403131114,0.5205479452054794,1.0,2.8904109589041096,1.1428571428571428,3.315068493150685,3.7886497064579254,ok,,242,8,1936,38,7,266,14,26,211,8,1688,246,14,219,20,414,67,1,246,1.0,211,1.689795918367347,214,8,1712,201,66,8,528,45,28,176,0.8429752066115702,0.9090909090909091,3.324675324675325,3.315068493150685,0.3333333333333333,14,4,0,results/public_resynth_tensor_v3_phase_slack_expanded/public_resynth_tensor_v3_phase_slack/cuccaro_adder_n3/assembled.qasm,,ok,,semantic_role_k2,semantic-role,0.12,6.0,6.0,1.0,0.0,12.0,0.6666666666666666,6.0,0.3333333333333333,0.0,0.0,1.0,0.5,2.0,14.0,0;0.333333333333;0;693ed0f5df2ae315,693ed0f5df2ae315,"[{""factor_count"":14.0,""gadget_mixed_weight"":24.0,""gadget_mixed_weight_norm"":1.0,""mixed_auc_greedy"":36.0,""mixed_auc_greedy_norm"":0.5,""mixed_auc_original"":36.0,""mixed_auc_original_norm"":0.5,""mixed_excess_norm"":0.0,""mixed_group_count"":2.0,""mixed_group_count_norm"":1.0,""num_block_rows"":1,""num_factor_groups"":2.0,""partition_id"":""balanced_contiguous_k2"",""partition_kind"":""contiguous"",""score_v3_lex"":""0;0.5;0;693ed0f5df2ae315"",""singleton_bridge_count"":0.0,""singleton_bridge_count_norm"":0.0,""stable_factor_hash"":""693ed0f5df2ae315"",""target_mixed_weight"":24.0},{""factor_count"":14.0,""gadget_mixed_weight"":30.0,""gadget_mixed_weight_norm"":1.0,""mixed_auc_greedy"":42.0,""mixed_auc_greedy_norm"":0.4666666666666667,""mixed_auc_original"":48.0,""mixed_auc_original_norm"":0.5333333333333333,""mixed_excess_norm"":0.0,""mixed_group_count"":2.0,""mixed_group_count_norm"":1.0,""num_block_rows"":1,""num_factor_groups"":2.0,""partition_id"":""semantic_family_k2"",""partition_kind"":""semantic-family"",""score_v3_lex"":""0;0.466666666667;0;693ed0f5df2ae315"",""singleton_bridge_count"":0.0,""singleton_bridge_count_norm"":0.0,""stable_factor_hash"":""693ed0f5df2ae315"",""target_mixed_weight"":30.0},{""factor_count"":14.0,""gadget_mixed_weight"":6.0,""gadget_mixed_weight_norm"":1.0,""mixed_auc_greedy"":6.0,""mixed_auc_greedy_norm"":0.3333333333333333,""mixed_auc_original"":12.0,""mixed_auc_original_norm"":0.6666666666666666,""mixed_excess_norm"":0.0,""mixed_group_count"":1.0,""mixed_group_count_norm"":0.5,""num_block_rows"":1,""num_factor_groups"":2.0,""partition_id"":""semantic_role_k2"",""partition_kind"":""semantic-role"",""score_v3_lex"":""0;0.333333333333;0;693ed0f5df2ae315"",""singleton_bridge_count"":0.0,""singleton_bridge_count_norm"":0.0,""stable_factor_hash"":""693ed0f5df2ae315"",""target_mixed_weight"":6.0},{""factor_count"":14.0,""gadget_mixed_weight"":30.0,""gadget_mixed_weight_norm"":1.0,""mixed_auc_greedy"":42.0,""mixed_auc_greedy_norm"":0.4666666666666667,""mixed_auc_original"":42.0,""mixed_auc_original_norm"":0.4666666666666667,""mixed_excess_norm"":0.0,""mixed_group_count"":2.0,""mixed_group_count_norm"":1.0,""num_block_rows"":1,""num_factor_groups"":2.0,""partition_id"":""tensor_graph_spectral_k2"",""partition_kind"":""tensor-graph"",""score_v3_lex"":""0;0.466666666667;0;693ed0f5df2ae315"",""singleton_bridge_count"":0.0,""singleton_bridge_count_norm"":0.0,""stable_factor_hash"":""693ed0f5df2ae315"",""target_mixed_weight"":30.0}]"
hamming_weight_n4,public_resynth_tensor_v3_phase_slack,ok,tensor-v3,ok,,ok,,phase-slack-v1,conservative,0.2,7.676470588235294,ok,,2.457983193277311,7.676470588235294,1.6050420168067228,6.676470588235294,1.911764705882353,1.2857142857142858,5.970588235294118,1.2857142857142858,6.5,8.357142857142858,ok,,221,9,1989,65,9,585,21,50,203,9,1827,264,21,217,14,439,52,1,264,1.0,203,1.6692015209125475,211,9,1899,205,75,9,675,63,10,146,0.7058823529411765,2.5675675675675675,7.027027027027027,6.5,1.0,21,6,0,results/public_resynth_tensor_v3_phase_slack_expanded/public_resynth_tensor_v3_phase_slack/hamming_weight_n4/assembled.qasm,,ok,,semantic_role_k2,semantic-role,0.12,90.0,90.0,1.0,0.0,132.0,0.36666666666666664,132.0,0.36666666666666664,0.0,0.0,3.0,1.0,3.0,21.0,0;0.366666666667;0;f1491490d6284225,f1491490d6284225,"[{""factor_count"":21.0,""gadget_mixed_weight"":90.0,""gadget_mixed_weight_norm"":1.0,""mixed_auc_greedy"":132.0,""mixed_auc_greedy_norm"":0.36666666666666664,""mixed_auc_original"":132.0,""mixed_auc_original_norm"":0.36666666666666664,""mixed_excess_norm"":0.0,""mixed_group_count"":3.0,""mixed_group_count_norm"":1.0,""num_block_rows"":1,""num_factor_groups"":3.0,""partition_id"":""balanced_contiguous_k2"",""partition_kind"":""contiguous"",""score_v3_lex"":""0;0.366666666667;0;f1491490d6284225"",""singleton_bridge_count"":0.0,""singleton_bridge_count_norm"":0.0,""stable_factor_hash"":""f1491490d6284225"",""target_mixed_weight"":90.0},{""factor_count"":21.0,""gadget_mixed_weight"":90.0,""gadget_mixed_weight_norm"":1.0,""mixed_auc_greedy"":132.0,""mixed_auc_greedy_norm"":0.36666666666666664,""mixed_auc_original"":132.0,""mixed_auc_original_norm"":0.36666666666666664,""mixed_excess_norm"":0.0,""mixed_group_count"":3.0,""mixed_group_count_norm"":1.0,""num_block_rows"":1,""num_factor_groups"":3.0,""partition_id"":""semantic_family_k2"",""partition_kind"":""semantic-family"",""score_v3_lex"":""0;0.366666666667;0;f1491490d6284225"",""singleton_bridge_count"":0.0,""singleton_bridge_count_norm"":0.0,""stable_factor_hash"":""f1491490d6284225"",""target_mixed_weight"":90.0},{""factor_count"":21.0,""gadget_mixed_weight"":90.0,""gadget_mixed_weight_norm"":1.0,""mixed_auc_greedy"":132.0,""mixed_auc_greedy_norm"":0.36666666666666664,""mixed_auc_original"":132.0,""mixed_auc_original_norm"":0.36666666666666664,""mixed_excess_norm"":0.0,""mixed_group_count"":3.0,""mixed_group_count_norm"":1.0,""num_block_rows"":1,""num_factor_groups"":3.0,""partition_id"":""semantic_role_k2"",""partition_kind"":""semantic-role"",""score_v3_lex"":""0;0.366666666667;0;f1491490d6284225"",""singleton_bridge_count"":0.0,""singleton_bridge_count_norm"":0.0,""stable_factor_hash"":""f1491490d6284225"",""target_mixed_weight"":90.0},{""factor_count"":21.0,""gadget_mixed_weight"":102.0,""gadget_mixed_weight_norm"":1.0,""mixed_auc_greedy"":132.0,""mixed_auc_greedy_norm"":0.3235294117647059,""mixed_auc_original"":132.0,""mixed_auc_original_norm"":0.3235294117647059,""mixed_excess_norm"":0.0,""mixed_group_count"":3.0,""mixed_group_count_norm"":1.0,""num_block_rows"":1,""num_factor_groups"":3.0,""partition_id"":""tensor_graph_spectral_k2"",""partition_kind"":""tensor-graph"",""score_v3_lex"":""0;0.323529411765;0;f1491490d6284225"",""singleton_bridge_count"":0.0,""singleton_bridge_count_norm"":0.0,""stable_factor_hash"":""f1491490d6284225"",""target_mixed_weight"":102.0}]"
hamming_weight_n5,public_resynth_tensor_v3_phase_slack,ok,tensor-v3,ok,,ok,,phase-slack-v1,conservative,0.2,6.776315789473684,ok,,1.9407894736842106,6.776315789473684,1.0723684210526316,5.776315789473684,1.5526315789473684,1.25,5.421052631578948,1.25,5.894736842105263,7.368421052631579,ok,,224,10,2240,59,10,590,21,48,206,10,2060,280,21,233,14,466,53,1,280,1.0,206,1.6702508960573477,213,10,2130,221,70,10,700,61,11,154,0.7366071428571429,2.1951219512195124,6.390243902439025,5.894736842105263,1.0,21,4,0,results/public_resynth_tensor_v3_phase_slack_expanded/public_resynth_tensor_v3_phase_slack/hamming_weight_n5/assembled.qasm,,ok,,semantic_role_k2,semantic-role,0.12,126.0,126.0,1.0,0.0,192.0,0.38095238095238093,192.0,0.38095238095238093,0.0,0.0,3.0,1.0,3.0,21.0,0;0.380952380952;0;678eaefa9e20b5b2,678eaefa9e20b5b2,"[{""factor_count"":21.0,""gadget_mixed_weight"":126.0,""gadget_mixed_weight_norm"":1.0,""mixed_auc_greedy"":192.0,""mixed_auc_greedy_norm"":0.38095238095238093,""mixed_auc_original"":192.0,""mixed_auc_original_norm"":0.38095238095238093,""mixed_excess_norm"":0.0,""mixed_group_count"":3.0,""mixed_group_count_norm"":1.0,""num_block_rows"":1,""num_factor_groups"":3.0,""partition_id"":""balanced_contiguous_k2"",""partition_kind"":""contiguous"",""score_v3_lex"":""0;0.380952380952;0;678eaefa9e20b5b2"",""singleton_bridge_count"":0.0,""singleton_bridge_count_norm"":0.0,""stable_factor_hash"":""678eaefa9e20b5b2"",""target_mixed_weight"":126.0},{""factor_count"":21.0,""gadget_mixed_weight"":126.0,""gadget_mixed_weight_norm"":1.0,""mixed_auc_greedy"":192.0,""mixed_auc_greedy_norm"":0.38095238095238093,""mixed_auc_original"":192.0,""mixed_auc_original_norm"":0.38095238095238093,""mixed_excess_norm"":0.0,""mixed_group_count"":3.0,""mixed_group_count_norm"":1.0,""num_block_rows"":1,""num_factor_groups"":3.0,""partition_id"":""semantic_family_k2"",""partition_kind"":""semantic-family"",""score_v3_lex"":""0;0.380952380952;0;678eaefa9e20b5b2"",""singleton_bridge_count"":0.0,""singleton_bridge_count_norm"":0.0,""stable_factor_hash"":""678eaefa9e20b5b2"",""target_mixed_weight"":126.0},{""factor_count"":21.0,""gadget_mixed_weight"":126.0,""gadget_mixed_weight_norm"":1.0,""mixed_auc_greedy"":192.0,""mixed_auc_greedy_norm"":0.38095238095238093,""mixed_auc_original"":192.0,""mixed_auc_original_norm"":0.38095238095238093,""mixed_excess_norm"":0.0,""mixed_group_count"":3.0,""mixed_group_count_norm"":1.0,""num_block_rows"":1,""num_factor_groups"":3.0,""partition_id"":""semantic_role_k2"",""partition_kind"":""semantic-role"",""score_v3_lex"":""0;0.380952380952;0;678eaefa9e20b5b2"",""singleton_bridge_count"":0.0,""singleton_bridge_count_norm"":0.0,""stable_factor_hash"":""678eaefa9e20b5b2"",""target_mixed_weight"":126.0},{""factor_count"":21.0,""gadget_mixed_weight"":138.0,""gadget_mixed_weight_norm"":1.0,""mixed_auc_greedy"":192.0,""mixed_auc_greedy_norm"":0.34782608695652173,""mixed_auc_original"":192.0,""mixed_auc_original_norm"":0.34782608695652173,""mixed_excess_norm"":0.0,""mixed_group_count"":3.0,""mixed_group_count_norm"":1.0,""num_block_rows"":1,""num_factor_groups"":3.0,""partition_id"":""tensor_graph_spectral_k2"",""partition_kind"":""tensor-graph"",""score_v3_lex"":""0;0.347826086957;0;678eaefa9e20b5b2"",""singleton_bridge_count"":0.0,""singleton_bridge_count_norm"":0.0,""stable_factor_hash"":""678eaefa9e20b5b2"",""target_mixed_weight"":138.0}]"
barenco_tof_3,public_resynth_tensor_v3_phase_slack,ok,tensor-v3,ok,,ok,,phase-slack-v1,conservative,0.2,5.67843137254902,ok,,1.2862745098039217,5.67843137254902,0.4039215686274511,4.756862745098039,0.803921568627451,1.6,3.549019607843137,1.6,4.0,6.4,ok,,204,8,1632,41,8,328,14,30,181,8,1448,219,14,192,18,358,66,1,219,1.0,181,1.6422018348623852,194,8,1552,180,51,8,408,43,10,153,0.7990196078431373,1.150943396226415,4.245283018867925,4.0,0.5,14,5,8,results/public_resynth_tensor_v3_phase_slack_expanded/public_resynth_tensor_v3_phase_slack/barenco_tof_3/assembled.qasm,,ok,,semantic_role_k2,semantic-role,0.12,18.0,18.0,1.0,0.0,24.0,0.4444444444444444,24.0,0.4444444444444444,0.0,0.0,2.0,1.0,2.0,14.0,0;0.444444444444;0;503109372f88ddf7,503109372f88ddf7,"[{""factor_count"":14.0,""gadget_mixed_weight"":36.0,""gadget_mixed_weight_norm"":1.0,""mixed_auc_greedy"":54.0,""mixed_auc_greedy_norm"":0.5,""mixed_auc_original"":54.0,""mixed_auc_original_norm"":0.5,""mixed_excess_norm"":0.0,""mixed_group_count"":2.0,""mixed_group_count_norm"":1.0,""num_block_rows"":1,""num_factor_groups"":2.0,""partition_id"":""balanced_contiguous_k2"",""partition_kind"":""contiguous"",""score_v3_lex"":""0;0.5;0;503109372f88ddf7"",""singleton_bridge_count"":0.0,""singleton_bridge_count_norm"":0.0,""stable_factor_hash"":""503109372f88ddf7"",""target_mixed_weight"":36.0},{""factor_count"":14.0,""gadget_mixed_weight"":30.0,""gadget_mixed_weight_norm"":1.0,""mixed_auc_greedy"":36.0,""mixed_auc_greedy_norm"":0.4,""mixed_auc_original"":36.0,""mixed_auc_original_norm"":0.4,""mixed_excess_norm"":0.0,""mixed_group_count"":2.0,""mixed_group_count_norm"":1.0,""num_block_rows"":1,""num_factor_groups"":2.0,""partition_id"":""semantic_family_k2"",""partition_kind"":""semantic-family"",""score_v3_lex"":""0;0.4;0;503109372f88ddf7"",""singleton_bridge_count"":0.0,""singleton_bridge_count_norm"":0.0,""stable_factor_hash"":""503109372f88ddf7"",""target_mixed_weight"":30.0},{""factor_count"":14.0,""gadget_mixed_weight"":18.0,""gadget_mixed_weight_norm"":1.0,""mixed_auc_greedy"":24.0,""mixed_auc_greedy_norm"":0.4444444444444444,""mixed_auc_original"":24.0,""mixed_auc_original_norm"":0.4444444444444444,""mixed_excess_norm"":0.0,""mixed_group_count"":2.0,""mixed_group_count_norm"":1.0,""num_block_rows"":1,""num_factor_groups"":2.0,""partition_id"":""semantic_role_k2"",""partition_kind"":""semantic-role"",""score_v3_lex"":""0;0.444444444444;0;503109372f88ddf7"",""singleton_bridge_count"":0.0,""singleton_bridge_count_norm"":0.0,""stable_factor_hash"":""503109372f88ddf7"",""target_mixed_weight"":18.0},{""factor_count"":14.0,""gadget_mixed_weight"":18.0,""gadget_mixed_weight_norm"":1.0,""mixed_auc_greedy"":24.0,""mixed_auc_greedy_norm"":0.4444444444444444,""mixed_auc_original"":24.0,""mixed_auc_original_norm"":0.4444444444444444,""mixed_excess_norm"":0.0,""mixed_group_count"":2.0,""mixed_group_count_norm"":1.0,""num_block_rows"":1,""num_factor_groups"":2.0,""partition_id"":""tensor_graph_spectral_k2"",""partition_kind"":""tensor-graph"",""score_v3_lex"":""0;0.444444444444;0;503109372f88ddf7"",""singleton_bridge_count"":0.0,""singleton_bridge_count_norm"":0.0,""stable_factor_hash"":""503109372f88ddf7"",""target_mixed_weight"":18.0}]"
barenco_tof_4,public_resynth_tensor_v3_phase_slack,ok,tensor-v3,ok,,ok,,phase-slack-v1,conservative,0.2,7.333333333333333,ok,,3.090909090909091,7.333333333333333,2.1515151515151514,6.373737373737374,1.5454545454545454,2.0,3.6666666666666665,2.0,3.878787878787879,7.757575757575758,ok,,384,14,5376,153,14,2142,23,156,363,14,5082,449,23,426,18,786,99,1,449,1.0,363,1.7544642857142858,377,14,5278,419,160,14,2240,163,7,224,0.6015625,1.6504854368932038,4.213592233009709,3.878787878787879,0.4107142857142857,23,12,0,results/public_resynth_tensor_v3_phase_slack_expanded/public_resynth_tensor_v3_phase_slack/barenco_tof_4/assembled.qasm,,ok,,semantic_role_k2,semantic-role,0.12,90.0,1806.0,20.066666666666666,19.066666666666666,4536.0,2.290909090909091,2424.0,1.2242424242424241,15.0,0.6521739130434783,16.0,0.7619047619047619,21.0,23.0,19.0666666667;1.22424242424;0.652173913043;86e8c5e1a748e843,86e8c5e1a748e843,"[{""factor_count"":23.0,""gadget_mixed_weight"":1806.0,""gadget_mixed_weight_norm"":20.066666666666666,""mixed_auc_greedy"":2424.0,""mixed_auc_greedy_norm"":1.2242424242424241,""mixed_auc_original"":4536.0,""mixed_auc_original_norm"":2.290909090909091,""mixed_excess_norm"":19.066666666666666,""mixed_group_count"":16.0,""mixed_group_count_norm"":0.7619047619047619,""num_block_rows"":1,""num_factor_groups"":21.0,""partition_id"":""balanced_contiguous_k2"",""partition_kind"":""contiguous"",""score_v3_lex"":""19.0666666667;1.22424242424;0.652173913043;86e8c5e1a748e843"",""singleton_bridge_count"":15.0,""singleton_bridge_count_norm"":0.6521739130434783,""stable_factor_hash"":""86e8c5e1a748e843"",""target_mixed_weight"":90.0},{""factor_count"":23.0,""gadget_mixed_weight"":1662.0,""gadget_mixed_weight_norm"":11.08,""mixed_auc_greedy"":2976.0,""mixed_auc_greedy_norm"":0.9018181818181819,""mixed_auc_original"":4374.0,""mixed_auc_original_norm"":1.3254545454545454,""mixed_excess_norm"":10.08,""mixed_group_count"":14.0,""mixed_group_count_norm"":0.6666666666666666,""num_block_rows"":1,""num_factor_groups"":21.0,""partition_id"":""semantic_family_k2"",""partition_kind"":""semantic-family"",""score_v3_lex"":""10.08;0.901818181818;0.565217391304;86e8c5e1a748e843"",""singleton_bridge_count"":13.0,""singleton_bridge_count_norm"":0.5652173913043478,""stable_factor_hash"":""86e8c5e1a748e843"",""target_mixed_weight"":150.0},{""factor_count"":23.0,""gadget_mixed_weight"":1806.0,""gadget_mixed_weight_norm"":20.066666666666666,""mixed_auc_greedy"":2424.0,""mixed_auc_greedy_norm"":1.2242424242424241,""mixed_auc_original"":4536.0,""mixed_auc_original_norm"":2.290909090909091,""mixed_excess_norm"":19.066666666666666,""mixed_group_count"":16.0,""mixed_group_count_norm"":0.7619047619047619,""num_block_rows"":1,""num_factor_groups"":21.0,""partition_id"":""semantic_role_k2"",""partition_kind"":""semantic-role"",""score_v3_lex"":""19.0666666667;1.22424242424;0.652173913043;86e8c5e1a748e843"",""singleton_bridge_count"":15.0,""singleton_bridge_count_norm"":0.6521739130434783,""stable_factor_hash"":""86e8c5e1a748e843"",""target_mixed_weight"":90.0},{""factor_count"":23.0,""gadget_mixed_weight"":2022.0,""gadget_mixed_weight_norm"":19.823529411764707,""mixed_auc_greedy"":2520.0,""mixed_auc_greedy_norm"":1.1229946524064172,""mixed_auc_original"":4572.0,""mixed_auc_original_norm"":2.037433155080214,""mixed_excess_norm"":18.823529411764707,""mixed_group_count"":15.0,""mixed_group_count_norm"":0.7142857142857143,""num_block_rows"":1,""num_factor_groups"":21.0,""partition_id"":""tensor_graph_spectral_k2"",""partition_kind"":""tensor-graph"",""score_v3_lex"":""18.8235294118;1.12299465241;0.608695652174;86e8c5e1a748e843"",""singleton_bridge_count"":14.0,""singleton_bridge_count_norm"":0.6086956521739131,""stable_factor_hash"":""86e8c5e1a748e843"",""target_mixed_weight"":102.0}]"
gf_2pow2_mult,public_resynth_tensor_v3_phase_slack,ok,tensor-v3,ok,,ok,,phase-slack-v1,conservative,0.2,1.6904761904761905,ok,,1.4523809523809523,1.6904761904761905,0.5238095238095237,0.7142857142857143,1.4523809523809523,1.0,1.6904761904761905,1.0,3.4523809523809526,3.4523809523809526,ok,,145,6,870,61,6,366,17,54,71,6,426,86,17,69,3,136,24,1,86,1.0,71,1.6,134,6,804,127,72,6,432,61,11,73,0.5793103448275863,1.7272727272727273,3.7954545454545454,3.4523809523809526,0.6071428571428571,17,12,7,results/public_resynth_tensor_v3_phase_slack_expanded/public_resynth_tensor_v3_phase_slack/gf_2pow2_mult/assembled.qasm,,ok,,semantic_role_k2,semantic-role,0.12,66.0,270.0,4.090909090909091,3.090909090909091,636.0,0.6022727272727273,252.0,0.23863636363636365,6.0,0.35294117647058826,7.0,0.4666666666666667,15.0,17.0,3.09090909091;0.238636363636;0.352941176471;3767bd4f612e7224,3767bd4f612e7224,"[{""factor_count"":17.0,""gadget_mixed_weight"":300.0,""gadget_mixed_weight_norm"":5.0,""mixed_auc_greedy"":762.0,""mixed_auc_greedy_norm"":0.79375,""mixed_auc_original"":762.0,""mixed_auc_original_norm"":0.79375,""mixed_excess_norm"":4.0,""mixed_group_count"":9.0,""mixed_group_count_norm"":0.6,""num_block_rows"":1,""num_factor_groups"":15.0,""partition_id"":""balanced_contiguous_k2"",""partition_kind"":""contiguous"",""score_v3_lex"":""4;0.79375;0.470588235294;3767bd4f612e7224"",""singleton_bridge_count"":8.0,""singleton_bridge_count_norm"":0.47058823529411764,""stable_factor_hash"":""3767bd4f612e7224"",""target_mixed_weight"":60.0},{""factor_count"":17.0,""gadget_mixed_weight"":270.0,""gadget_mixed_weight_norm"":4.090909090909091,""mixed_auc_greedy"":252.0,""mixed_auc_greedy_norm"":0.23863636363636365,""mixed_auc_original"":636.0,""mixed_auc_original_norm"":0.6022727272727273,""mixed_excess_norm"":3.090909090909091,""mixed_group_count"":7.0,""mixed_group_count_norm"":0.4666666666666667,""num_block_rows"":1,""num_factor_groups"":15.0,""partition_id"":""semantic_family_k2"",""partition_kind"":""semantic-family"",""score_v3_lex"":""3.09090909091;0.238636363636;0.352941176471;3767bd4f612e7224"",""singleton_bridge_count"":6.0,""singleton_bridge_count_norm"":0.35294117647058826,""stable_factor_hash"":""3767bd4f612e7224"",""target_mixed_weight"":66.0},{""factor_count"":17.0,""gadget_mixed_weight"":270.0,""gadget_mixed_weight_norm"":4.090909090909091,""mixed_auc_greedy"":252.0,""mixed_auc_greedy_norm"":0.23863636363636365,""mixed_auc_original"":636.0,""mixed_auc_original_norm"":0.6022727272727273,""mixed_excess_norm"":3.090909090909091,""mixed_group_count"":7.0,""mixed_group_count_norm"":0.4666666666666667,""num_block_rows"":1,""num_factor_groups"":15.0,""partition_id"":""semantic_register_k2"",""partition_kind"":""semantic-register"",""score_v3_lex"":""3.09090909091;0.238636363636;0.352941176471;3767bd4f612e7224"",""singleton_bridge_count"":6.0,""singleton_bridge_count_norm"":0.35294117647058826,""stable_factor_hash"":""3767bd4f612e7224"",""target_mixed_weight"":66.0},{""factor_count"":17.0,""gadget_mixed_weight"":270.0,""gadget_mixed_weight_norm"":4.090909090909091,""mixed_auc_greedy"":252.0,""mixed_auc_greedy_norm"":0.23863636363636365,""mixed_auc_original"":636.0,""mixed_auc_original_norm"":0.6022727272727273,""mixed_excess_norm"":3.090909090909091,""mixed_group_count"":7.0,""mixed_group_count_norm"":0.4666666666666667,""num_block_rows"":1,""num_factor_groups"":15.0,""partition_id"":""semantic_role_k2"",""partition_kind"":""semantic-role"",""score_v3_lex"":""3.09090909091;0.238636363636;0.352941176471;3767bd4f612e7224"",""singleton_bridge_count"":6.0,""singleton_bridge_count_norm"":0.35294117647058826,""stable_factor_hash"":""3767bd4f612e7224"",""target_mixed_weight"":66.0},{""factor_count"":17.0,""gadget_mixed_weight"":324.0,""gadget_mixed_weight_norm"":5.4,""mixed_auc_greedy"":840.0,""mixed_auc_greedy_norm"":0.875,""mixed_auc_original"":738.0,""mixed_auc_original_norm"":0.76875,""mixed_excess_norm"":4.4,""mixed_group_count"":10.0,""mixed_group_count_norm"":0.6666666666666666,""num_block_rows"":1,""num_factor_groups"":15.0,""partition_id"":""tensor_graph_spectral_k2"",""partition_kind"":""tensor-graph"",""score_v3_lex"":""4.4;0.875;0.529411764706;3767bd4f612e7224"",""singleton_bridge_count"":9.0,""singleton_bridge_count_norm"":0.5294117647058824,""stable_factor_hash"":""3767bd4f612e7224"",""target_mixed_weight"":60.0}]"
hwb_6,public_resynth_tensor_v3_phase_slack,ok,tensor-v3,ok,,ok,,phase-slack-v1,conservative,0.2,24.693667157584684,ok,,12.446244477172312,24.693667157584684,11.502945508100147,23.719440353460975,3.2268041237113403,3.857142857142857,6.402061855670103,3.857142857142857,6.819587628865979,26.304123711340207,ok,,1323,27,35721,626,27,16902,51,649,1242,27,33534,1527,51,1476,22,2697,395,1,1527,1.0,1242,1.7673656618610747,1296,27,34992,1450,653,27,17631,675,27,674,0.5298563869992441,3.28110599078341,7.304147465437788,6.819587628865979,0.4857142857142857,51,11,2,results/public_resynth_tensor_v3_phase_slack_expanded/public_resynth_tensor_v3_phase_slack/hwb_6/assembled.qasm,,ok,,semantic_role_k2,semantic-role,0.12,390.0,11622.0,29.8,28.8,35478.0,1.8193846153846154,23112.0,1.1852307692307693,34.0,0.6666666666666666,35.0,0.7142857142857143,49.0,51.0,28.8;1.18523076923;0.666666666667;d332808616ae179c,d332808616ae179c,"[{""factor_count"":51.0,""gadget_mixed_weight"":16086.0,""gadget_mixed_weight_norm"":45.440677966101696,""mixed_auc_greedy"":29598.0,""mixed_auc_greedy_norm"":1.6722033898305084,""mixed_auc_original"":40362.0,""mixed_auc_original_norm"":2.2803389830508474,""mixed_excess_norm"":44.440677966101696,""mixed_group_count"":42.0,""mixed_group_count_norm"":0.8571428571428571,""num_block_rows"":1,""num_factor_groups"":49.0,""partition_id"":""balanced_contiguous_k2"",""partition_kind"":""contiguous"",""score_v3_lex"":""44.4406779661;1.67220338983;0.803921568627;d332808616ae179c"",""singleton_bridge_count"":41.0,""singleton_bridge_count_norm"":0.803921568627451,""stable_factor_hash"":""d332808616ae179c"",""target_mixed_weight"":354.0},{""factor_count"":51.0,""gadget_mixed_weight"":5766.0,""gadget_mixed_weight_norm"":24.641025641025642,""mixed_auc_greedy"":13530.0,""mixed_auc_greedy_norm"":1.1564102564102565,""mixed_auc_original"":17430.0,""mixed_auc_original_norm"":1.4897435897435898,""mixed_excess_norm"":23.641025641025642,""mixed_group_count"":19.0,""mixed_group_count_norm"":0.3877551020408163,""num_block_rows"":1,""num_factor_groups"":49.0,""partition_id"":""semantic_family_k2"",""partition_kind"":""semantic-family"",""score_v3_lex"":""23.641025641;1.15641025641;0.372549019608;d332808616ae179c"",""singleton_bridge_count"":19.0,""singleton_bridge_count_norm"":0.37254901960784315,""stable_factor_hash"":""d332808616ae179c"",""target_mixed_weight"":234.0},{""factor_count"":51.0,""gadget_mixed_weight"":11622.0,""gadget_mixed_weight_norm"":29.8,""mixed_auc_greedy"":23112.0,""mixed_auc_greedy_norm"":1.1852307692307693,""mixed_auc_original"":35478.0,""mixed_auc_original_norm"":1.8193846153846154,""mixed_excess_norm"":28.8,""mixed_group_count"":35.0,""mixed_group_count_norm"":0.7142857142857143,""num_block_rows"":1,""num_factor_groups"":49.0,""partition_id"":""semantic_role_k2"",""partition_kind"":""semantic-role"",""score_v3_lex"":""28.8;1.18523076923;0.666666666667;d332808616ae179c"",""singleton_bridge_count"":34.0,""singleton_bridge_count_norm"":0.6666666666666666,""stable_factor_hash"":""d332808616ae179c"",""target_mixed_weight"":390.0},{""factor_count"":51.0,""gadget_mixed_weight"":16008.0,""gadget_mixed_weight_norm"":51.30769230769231,""mixed_auc_greedy"":25626.0,""mixed_auc_greedy_norm"":1.6426923076923077,""mixed_auc_original"":36708.0,""mixed_auc_original_norm"":2.353076923076923,""mixed_excess_norm"":50.30769230769231,""mixed_group_count"":36.0,""mixed_group_count_norm"":0.7346938775510204,""num_block_rows"":1,""num_factor_groups"":49.0,""partition_id"":""tensor_graph_spectral_k2"",""partition_kind"":""tensor-graph"",""score_v3_lex"":""50.3076923077;1.64269230769;0.705882352941;d332808616ae179c"",""singleton_bridge_count"":36.0,""singleton_bridge_count_norm"":0.7058823529411765,""stable_factor_hash"":""d332808616ae179c"",""target_mixed_weight"":312.0}]"
mod_5_4,public_resynth_tensor_v3_phase_slack,ok,tensor-v3,ok,,ok,,phase-slack-v1,conservative,0.2,0.8305084745762712,ok,,0.08135593220338982,0.8305084745762712,-0.7661016949152541,-0.0847457627118644,0.13559322033898305,0.6,0.8305084745762712,1.0,1.0,1.0,ok,,59,5,295,8,3,24,7,4,49,5,245,63,7,56,14,100,22,1,63,1.0,49,1.6129032258064515,48,5,240,46,19,5,95,15,11,40,0.864406779661017,0.3728813559322034,1.2203389830508475,1.0,0.25,7,4,1,results/public_resynth_tensor_v3_phase_slack_expanded/public_resynth_tensor_v3_phase_slack/mod_5_4/assembled.qasm,,ok,,semantic_role_k2,semantic-role,0.12,30.0,30.0,1.0,0.0,30.0,0.5,30.0,0.5,0.0,0.0,1.0,1.0,1.0,7.0,0;0.5;0;35f8ef5e37c56c46,35f8ef5e37c56c46,"[{""factor_count"":7.0,""gadget_mixed_weight"":30.0,""gadget_mixed_weight_norm"":1.0,""mixed_auc_greedy"":30.0,""mixed_auc_greedy_norm"":0.5,""mixed_auc_original"":30.0,""mixed_auc_original_norm"":0.5,""mixed_excess_norm"":0.0,""mixed_group_count"":1.0,""mixed_group_count_norm"":1.0,""num_block_rows"":1,""num_factor_groups"":1.0,""partition_id"":""balanced_contiguous_k2"",""partition_kind"":""contiguous"",""score_v3_lex"":""0;0.5;0;35f8ef5e37c56c46"",""singleton_bridge_count"":0.0,""singleton_bridge_count_norm"":0.0,""stable_factor_hash"":""35f8ef5e37c56c46"",""target_mixed_weight"":30.0},{""factor_count"":7.0,""gadget_mixed_weight"":30.0,""gadget_mixed_weight_norm"":1.0,""mixed_auc_greedy"":30.0,""mixed_auc_greedy_norm"":0.5,""mixed_auc_original"":30.0,""mixed_auc_original_norm"":0.5,""mixed_excess_norm"":0.0,""mixed_group_count"":1.0,""mixed_group_count_norm"":1.0,""num_block_rows"":1,""num_factor_groups"":1.0,""partition_id"":""semantic_family_k2"",""partition_kind"":""semantic-family"",""score_v3_lex"":""0;0.5;0;35f8ef5e37c56c46"",""singleton_bridge_count"":0.0,""singleton_bridge_count_norm"":0.0,""stable_factor_hash"":""35f8ef5e37c56c46"",""target_mixed_weight"":30.0},{""factor_count"":7.0,""gadget_mixed_weight"":30.0,""gadget_mixed_weight_norm"":1.0,""mixed_auc_greedy"":30.0,""mixed_auc_greedy_norm"":0.5,""mixed_auc_original"":30.0,""mixed_auc_original_norm"":0.5,""mixed_excess_norm"":0.0,""mixed_group_count"":1.0,""mixed_group_count_norm"":1.0,""num_block_rows"":1,""num_factor_groups"":1.0,""partition_id"":""semantic_role_k2"",""partition_kind"":""semantic-role"",""score_v3_lex"":""0;0.5;0;35f8ef5e37c56c46"",""singleton_bridge_count"":0.0,""singleton_bridge_count_norm"":0.0,""stable_factor_hash"":""35f8ef5e37c56c46"",""target_mixed_weight"":30.0},{""factor_count"":7.0,""gadget_mixed_weight"":24.0,""gadget_mixed_weight_norm"":1.0,""mixed_auc_greedy"":24.0,""mixed_auc_greedy_norm"":0.5,""mixed_auc_original"":24.0,""mixed_auc_original_norm"":0.5,""mixed_excess_norm"":0.0,""mixed_group_count"":1.0,""mixed_group_count_norm"":1.0,""num_block_rows"":1,""num_factor_groups"":1.0,""partition_id"":""tensor_graph_spectral_k2"",""partition_kind"":""tensor-graph"",""score_v3_lex"":""0;0.5;0;35f8ef5e37c56c46"",""singleton_bridge_count"":0.0,""singleton_bridge_count_norm"":0.0,""stable_factor_hash"":""35f8ef5e37c56c46"",""target_mixed_weight"":24.0}]"
nc_tof_3,public_resynth_tensor_v3_phase_slack,ok,tensor-v3,ok,,ok,,phase-slack-v1,conservative,0.2,6.557894736842106,ok,,1.436842105263158,6.557894736842106,0.5947368421052632,5.663157894736843,1.0263157894736843,1.4,4.684210526315789,1.4,5.2894736842105265,7.405263157894737,ok,,201,7,1407,39,7,273,14,29,178,7,1246,222,14,195,22,372,61,1,222,1.0,178,1.6832579185520362,190,7,1330,186,50,7,350,39,11,151,0.8059701492537313,1.4,5.4,5.2894736842105265,0.6666666666666666,14,5,7,results/public_resynth_tensor_v3_phase_slack_expanded/public_resynth_tensor_v3_phase_slack/nc_tof_3/assembled.qasm,,ok,,semantic_role_k2,semantic-role,0.12,18.0,18.0,1.0,0.0,24.0,0.4444444444444444,24.0,0.4444444444444444,0.0,0.0,2.0,1.0,2.0,14.0,0;0.444444444444;0;3ad1cd407e5c2348,3ad1cd407e5c2348,"[{""factor_count"":14.0,""gadget_mixed_weight"":60.0,""gadget_mixed_weight_norm"":1.0,""mixed_auc_greedy"":84.0,""mixed_auc_greedy_norm"":0.4666666666666667,""mixed_auc_original"":84.0,""mixed_auc_original_norm"":0.4666666666666667,""mixed_excess_norm"":0.0,""mixed_group_count"":2.0,""mixed_group_count_norm"":1.0,""num_block_rows"":1,""num_factor_groups"":2.0,""partition_id"":""balanced_contiguous_k2"",""partition_kind"":""contiguous"",""score_v3_lex"":""0;0.466666666667;0;3ad1cd407e5c2348"",""singleton_bridge_count"":0.0,""singleton_bridge_count_norm"":0.0,""stable_factor_hash"":""3ad1cd407e5c2348"",""target_mixed_weight"":60.0},{""factor_count"":14.0,""gadget_mixed_weight"":54.0,""gadget_mixed_weight_norm"":1.0,""mixed_auc_greedy"":66.0,""mixed_auc_greedy_norm"":0.4074074074074074,""mixed_auc_original"":66.0,""mixed_auc_original_norm"":0.4074074074074074,""mixed_excess_norm"":0.0,""mixed_group_count"":2.0,""mixed_group_count_norm"":1.0,""num_block_rows"":1,""num_factor_groups"":2.0,""partition_id"":""semantic_family_k2"",""partition_kind"":""semantic-family"",""score_v3_lex"":""0;0.407407407407;0;3ad1cd407e5c2348"",""singleton_bridge_count"":0.0,""singleton_bridge_count_norm"":0.0,""stable_factor_hash"":""3ad1cd407e5c2348"",""target_mixed_weight"":54.0},{""factor_count"":14.0,""gadget_mixed_weight"":18.0,""gadget_mixed_weight_norm"":1.0,""mixed_auc_greedy"":24.0,""mixed_auc_greedy_norm"":0.4444444444444444,""mixed_auc_original"":24.0,""mixed_auc_original_norm"":0.4444444444444444,""mixed_excess_norm"":0.0,""mixed_group_count"":2.0,""mixed_group_count_norm"":1.0,""num_block_rows"":1,""num_factor_groups"":2.0,""partition_id"":""semantic_role_k2"",""partition_kind"":""semantic-role"",""score_v3_lex"":""0;0.444444444444;0;3ad1cd407e5c2348"",""singleton_bridge_count"":0.0,""singleton_bridge_count_norm"":0.0,""stable_factor_hash"":""3ad1cd407e5c2348"",""target_mixed_weight"":18.0},{""factor_count"":14.0,""gadget_mixed_weight"":54.0,""gadget_mixed_weight_norm"":1.0,""mixed_auc_greedy"":66.0,""mixed_auc_greedy_norm"":0.4074074074074074,""mixed_auc_original"":66.0,""mixed_auc_original_norm"":0.4074074074074074,""mixed_excess_norm"":0.0,""mixed_group_count"":2.0,""mixed_group_count_norm"":1.0,""num_block_rows"":1,""num_factor_groups"":2.0,""partition_id"":""tensor_graph_spectral_k2"",""partition_kind"":""tensor-graph"",""score_v3_lex"":""0;0.407407407407;0;3ad1cd407e5c2348"",""singleton_bridge_count"":0.0,""singleton_bridge_count_norm"":0.0,""stable_factor_hash"":""3ad1cd407e5c2348"",""target_mixed_weight"":54.0}]"
nc_tof_4,public_resynth_tensor_v3_phase_slack,ok,tensor-v3,ok,,ok,,phase-slack-v1,conservative,0.2,6.919354838709677,ok,,2.0023041474654377,6.919354838709677,1.0990783410138247,5.983870967741935,1.2741935483870968,1.5714285714285714,4.403225806451613,1.5714285714285714,4.935483870967742,7.755760368663594,ok,,306,11,3366,79,11,869,21,77,273,11,3003,372,21,325,18,631,90,1,372,1.0,273,1.7008086253369272,278,11,3058,302,107,11,1177,101,28,199,0.7418300653594772,2.15625,5.90625,4.935483870967742,0.6,21,6,10,results/public_resynth_tensor_v3_phase_slack_expanded/public_resynth_tensor_v3_phase_slack/nc_tof_4/assembled.qasm,,ok,,semantic_role_k2,semantic-role,0.12,78.0,78.0,1.0,0.0,120.0,0.38461538461538464,120.0,0.38461538461538464,0.0,0.0,3.0,1.0,3.0,21.0,0;0.384615384615;0;1f76b6c3113dfd02,1f76b6c3113dfd02,"[{""factor_count"":21.0,""gadget_mixed_weight"":168.0,""gadget_mixed_weight_norm"":1.2727272727272727,""mixed_auc_greedy"":228.0,""mixed_auc_greedy_norm"":0.4318181818181818,""mixed_auc_original"":228.0,""mixed_auc_original_norm"":0.4318181818181818,""mixed_excess_norm"":0.2727272727272727,""mixed_group_count"":3.0,""mixed_group_count_norm"":1.0,""num_block_rows"":1,""num_factor_groups"":3.0,""partition_id"":""balanced_contiguous_k2"",""partition_kind"":""contiguous"",""score_v3_lex"":""0.272727272727;0.431818181818;0;1f76b6c3113dfd02"",""singleton_bridge_count"":0.0,""singleton_bridge_count_norm"":0.0,""stable_factor_hash"":""1f76b6c3113dfd02"",""target_mixed_weight"":132.0},{""factor_count"":21.0,""gadget_mixed_weight"":192.0,""gadget_mixed_weight_norm"":1.2307692307692308,""mixed_auc_greedy"":240.0,""mixed_auc_greedy_norm"":0.38461538461538464,""mixed_auc_original"":240.0,""mixed_auc_original_norm"":0.38461538461538464,""mixed_excess_norm"":0.23076923076923078,""mixed_group_count"":3.0,""mixed_group_count_norm"":1.0,""num_block_rows"":1,""num_factor_groups"":3.0,""partition_id"":""semantic_family_k2"",""partition_kind"":""semantic-family"",""score_v3_lex"":""0.230769230769;0.384615384615;0;1f76b6c3113dfd02"",""singleton_bridge_count"":0.0,""singleton_bridge_count_norm"":0.0,""stable_factor_hash"":""1f76b6c3113dfd02"",""target_mixed_weight"":156.0},{""factor_count"":21.0,""gadget_mixed_weight"":78.0,""gadget_mixed_weight_norm"":1.0,""mixed_auc_greedy"":120.0,""mixed_auc_greedy_norm"":0.38461538461538464,""mixed_auc_original"":120.0,""mixed_auc_original_norm"":0.38461538461538464,""mixed_excess_norm"":0.0,""mixed_group_count"":3.0,""mixed_group_count_norm"":1.0,""num_block_rows"":1,""num_factor_groups"":3.0,""partition_id"":""semantic_role_k2"",""partition_kind"":""semantic-role"",""score_v3_lex"":""0;0.384615384615;0;1f76b6c3113dfd02"",""singleton_bridge_count"":0.0,""singleton_bridge_count_norm"":0.0,""stable_factor_hash"":""1f76b6c3113dfd02"",""target_mixed_weight"":78.0},{""factor_count"":21.0,""gadget_mixed_weight"":162.0,""gadget_mixed_weight_norm"":1.173913043478261,""mixed_auc_greedy"":216.0,""mixed_auc_greedy_norm"":0.391304347826087,""mixed_auc_original"":216.0,""mixed_auc_original_norm"":0.391304347826087,""mixed_excess_norm"":0.17391304347826086,""mixed_group_count"":3.0,""mixed_group_count_norm"":1.0,""num_block_rows"":1,""num_factor_groups"":3.0,""partition_id"":""tensor_graph_spectral_k2"",""partition_kind"":""tensor-graph"",""score_v3_lex"":""0.173913043478;0.391304347826;0;1f76b6c3113dfd02"",""singleton_bridge_count"":0.0,""singleton_bridge_count_norm"":0.0,""stable_factor_hash"":""1f76b6c3113dfd02"",""target_mixed_weight"":138.0}]"
qft_4,public_resynth_tensor_v3_phase_slack,ok,tensor-v3,ok,,ok,,phase-slack-v1,conservative,0.2,25.517105263157895,ok,,7.4605263157894735,25.517105263157895,6.473684210526316,24.523684210526316,0.8881578947368421,8.4,2.9671052631578947,8.6,3.4539473684210527,29.70394736842105,ok,,525,43,22575,135,42,5670,53,135,451,43,19393,664,53,611,33,951,332,1,664,1.0,451,1.4343891402714932,523,43,22489,606,137,42,5754,140,10,389,0.76,1.079268292682927,4.170731707317073,3.4539473684210527,0.7681159420289855,53,23,5,results/public_resynth_tensor_v3_phase_slack_expanded/public_resynth_tensor_v3_phase_slack/qft_4/assembled.qasm,,ok,,semantic_role_k2,semantic-role,0.12,210.0,930.0,4.428571428571429,3.4285714285714284,6402.0,0.5645502645502646,5208.0,0.45925925925925926,33.0,0.6226415094339622,33.0,0.6226415094339622,53.0,53.0,3.42857142857;0.459259259259;0.622641509434;b36f9547d4621aec,b36f9547d4621aec,"[{""factor_count"":53.0,""gadget_mixed_weight"":966.0,""gadget_mixed_weight_norm"":7.666666666666667,""mixed_auc_greedy"":3078.0,""mixed_auc_greedy_norm"":0.4523809523809524,""mixed_auc_original"":5136.0,""mixed_auc_original_norm"":0.7548500881834215,""mixed_excess_norm"":6.666666666666667,""mixed_group_count"":22.0,""mixed_group_count_norm"":0.41509433962264153,""num_block_rows"":1,""num_factor_groups"":53.0,""partition_id"":""balanced_contiguous_k2"",""partition_kind"":""contiguous"",""score_v3_lex"":""6.66666666667;0.452380952381;0.415094339623;b36f9547d4621aec"",""singleton_bridge_count"":22.0,""singleton_bridge_count_norm"":0.41509433962264153,""stable_factor_hash"":""b36f9547d4621aec"",""target_mixed_weight"":126.0},{""factor_count"":53.0,""gadget_mixed_weight"":510.0,""gadget_mixed_weight_norm"":12.142857142857142,""mixed_auc_greedy"":1446.0,""mixed_auc_greedy_norm"":0.6375661375661376,""mixed_auc_original"":2454.0,""mixed_auc_original_norm"":1.082010582010582,""mixed_excess_norm"":11.142857142857142,""mixed_group_count"":8.0,""mixed_group_count_norm"":0.1509433962264151,""num_block_rows"":1,""num_factor_groups"":53.0,""partition_id"":""semantic_family_k2"",""partition_kind"":""semantic-family"",""score_v3_lex"":""11.1428571429;0.637566137566;0.150943396226;b36f9547d4621aec"",""singleton_bridge_count"":8.0,""singleton_bridge_count_norm"":0.1509433962264151,""stable_factor_hash"":""b36f9547d4621aec"",""target_mixed_weight"":42.0},{""factor_count"":53.0,""gadget_mixed_weight"":930.0,""gadget_mixed_weight_norm"":4.428571428571429,""mixed_auc_greedy"":5208.0,""mixed_auc_greedy_norm"":0.45925925925925926,""mixed_auc_original"":6402.0,""mixed_auc_original_norm"":0.5645502645502646,""mixed_excess_norm"":3.4285714285714284,""mixed_group_count"":33.0,""mixed_group_count_norm"":0.6226415094339622,""num_block_rows"":1,""num_factor_groups"":53.0,""partition_id"":""semantic_role_k2"",""partition_kind"":""semantic-role"",""score_v3_lex"":""3.42857142857;0.459259259259;0.622641509434;b36f9547d4621aec"",""singleton_bridge_count"":33.0,""singleton_bridge_count_norm"":0.6226415094339622,""stable_factor_hash"":""b36f9547d4621aec"",""target_mixed_weight"":210.0},{""factor_count"":53.0,""gadget_mixed_weight"":606.0,""gadget_mixed_weight_norm"":6.733333333333333,""mixed_auc_greedy"":1626.0,""mixed_auc_greedy_norm"":0.3345679012345679,""mixed_auc_original"":3210.0,""mixed_auc_original_norm"":0.6604938271604939,""mixed_excess_norm"":5.733333333333333,""mixed_group_count"":22.0,""mixed_group_count_norm"":0.41509433962264153,""num_block_rows"":1,""num_factor_groups"":53.0,""partition_id"":""tensor_graph_spectral_k2"",""partition_kind"":""tensor-graph"",""score_v3_lex"":""5.73333333333;0.334567901235;0.415094339623;b36f9547d4621aec"",""singleton_bridge_count"":22.0,""singleton_bridge_count_norm"":0.41509433962264153,""stable_factor_hash"":""b36f9547d4621aec"",""target_mixed_weight"":90.0}]"
vbe_adder_3,public_resynth_tensor_v3_phase_slack,ok,tensor-v3,ok,,ok,,phase-slack-v1,conservative,0.2,4.301030927835051,ok,,1.1835051546391753,4.301030927835051,0.2556701030927835,3.3319587628865976,0.845360824742268,1.4,3.0721649484536084,1.4,3.329896907216495,4.661855670103093,ok,,323,14,4522,82,14,1148,21,80,298,14,4172,409,21,362,10,692,90,1,409,1.0,298,1.696078431372549,304,14,4256,333,101,14,1414,110,19,222,0.7461300309597523,1.37,3.86,3.329896907216495,0.3,21,7,9,results/public_resynth_tensor_v3_phase_slack_expanded/public_resynth_tensor_v3_phase_slack/vbe_adder_3/assembled.qasm,,ok,,semantic_role_k2,semantic-role,0.12,246.0,246.0,1.0,0.0,630.0,0.6402439024390244,354.0,0.3597560975609756,0.0,0.0,3.0,1.0,3.0,21.0,0;0.359756097561;0;a372b1edf7cc1c61,a372b1edf7cc1c61,"[{""factor_count"":21.0,""gadget_mixed_weight"":330.0,""gadget_mixed_weight_norm"":1.0,""mixed_auc_greedy"":510.0,""mixed_auc_greedy_norm"":0.38636363636363635,""mixed_auc_original"":810.0,""mixed_auc_original_norm"":0.6136363636363636,""mixed_excess_norm"":0.0,""mixed_group_count"":3.0,""mixed_group_count_norm"":1.0,""num_block_rows"":1,""num_factor_groups"":3.0,""partition_id"":""balanced_contiguous_k2"",""partition_kind"":""contiguous"",""score_v3_lex"":""0;0.386363636364;0;a372b1edf7cc1c61"",""singleton_bridge_count"":0.0,""singleton_bridge_count_norm"":0.0,""stable_factor_hash"":""a372b1edf7cc1c61"",""target_mixed_weight"":330.0},{""factor_count"":21.0,""gadget_mixed_weight"":354.0,""gadget_mixed_weight_norm"":1.0,""mixed_auc_greedy"":546.0,""mixed_auc_greedy_norm"":0.3855932203389831,""mixed_auc_original"":870.0,""mixed_auc_original_norm"":0.614406779661017,""mixed_excess_norm"":0.0,""mixed_group_count"":3.0,""mixed_group_count_norm"":1.0,""num_block_rows"":1,""num_factor_groups"":3.0,""partition_id"":""semantic_family_k2"",""partition_kind"":""semantic-family"",""score_v3_lex"":""0;0.385593220339;0;a372b1edf7cc1c61"",""singleton_bridge_count"":0.0,""singleton_bridge_count_norm"":0.0,""stable_factor_hash"":""a372b1edf7cc1c61"",""target_mixed_weight"":354.0},{""factor_count"":21.0,""gadget_mixed_weight"":246.0,""gadget_mixed_weight_norm"":1.0,""mixed_auc_greedy"":354.0,""mixed_auc_greedy_norm"":0.3597560975609756,""mixed_auc_original"":630.0,""mixed_auc_original_norm"":0.6402439024390244,""mixed_excess_norm"":0.0,""mixed_group_count"":3.0,""mixed_group_count_norm"":1.0,""num_block_rows"":1,""num_factor_groups"":3.0,""partition_id"":""semantic_role_k2"",""partition_kind"":""semantic-role"",""score_v3_lex"":""0;0.359756097561;0;a372b1edf7cc1c61"",""singleton_bridge_count"":0.0,""singleton_bridge_count_norm"":0.0,""stable_factor_hash"":""a372b1edf7cc1c61"",""target_mixed_weight"":246.0},{""factor_count"":21.0,""gadget_mixed_weight"":288.0,""gadget_mixed_weight_norm"":1.0,""mixed_auc_greedy"":396.0,""mixed_auc_greedy_norm"":0.34375,""mixed_auc_original"":738.0,""mixed_auc_original_norm"":0.640625,""mixed_excess_norm"":0.0,""mixed_group_count"":3.0,""mixed_group_count_norm"":1.0,""num_block_rows"":1,""num_factor_groups"":3.0,""partition_id"":""tensor_graph_spectral_k2"",""partition_kind"":""tensor-graph"",""score_v3_lex"":""0;0.34375;0;a372b1edf7cc1c61"",""singleton_bridge_count"":0.0,""singleton_bridge_count_norm"":0.0,""stable_factor_hash"":""a372b1edf7cc1c61"",""target_mixed_weight"":288.0}]"
