circuit_id,candidate_id,combo_index,status,selection_status,selection_error,source_methods,decomposition_keys,candidate_indices,num_blocks,num_gadget_blocks,num_no_gadget_blocks,gadget_block_fraction,uses_any_gadget_source,block_tcount_sum,block_tdepth_sum,structural_cost,alphaq_target_status,alphaq_target_error,alphaq_nc_core_area_ratio,alphaq_nc_core_area_delta_vs_original,alphaq_nc_core_depth_ratio,alphaq_nc_core_width_ratio,alphaq_total_depth_ratio,alphaq_total_area_ratio,alphaq_border_status,alphaq_border_error,alphaq_total_depth,alphaq_total_width,alphaq_total_area,alphaq_nc_core_depth,alphaq_nc_core_width,alphaq_nc_core_area,alphaq_core_tcount,alphaq_crossing_closure_count,alphaq_left_nc_core_depth,alphaq_left_nc_core_width,alphaq_left_nc_core_area,alphaq_left_crossing_closure_count,alphaq_right_nc_core_depth,alphaq_right_nc_core_width,alphaq_right_nc_core_area,alphaq_right_crossing_closure_count,alphaq_prefix_clifford_depth,alphaq_suffix_clifford_depth,alphaq_clifford_shaved_depth_fraction,primary_nc_depth_ratio,primary_nc_depth_delta_vs_original,zx_total_depth_ratio,qasm_depth_ratio,tcount_ratio,tdepth_ratio,gate_count_ratio,tcount_after,tdepth_after,depth_after,gate_count_after,rho_t,rho_w,n_clifford_blocks,n_nonclifford_blocks,avg_nonclifford_block_len,hadamard_boundary_density,tdepth_over_tcount,candidate_qasm_path,predicted_structural_cost,predicted_primary_nc_depth_ratio,prediction_std,prediction_margin_from_best,prediction_tolerance,reranker_selected
cuccaro_adder_n3,cuccaro_adder_n3:combo0,0,ok,ok,,public_resynth_gadgets,cuccaro_adder_n3,0,1,1,0,1.0,1,14,4,0.5205479452054794,ok,,0.5205479452054794,-0.3835616438356164,0.5205479452054794,1.0,3.315068493150685,3.7886497064579254,ok,,242,8,1936,38,7,266,14,26,214,8,1712,201,66,8,528,45,28,176,0.8429752066115702,0.9090909090909091,-0.038961038961038974,3.324675324675325,3.315068493150685,0.3333333333333333,0.4,2.980392156862745,14,4,242,304,0.046052631578947366,0.32558139534883723,11,10,1.4,0.3,0.2857142857142857,results/tmp_alphaq_border_full/public_resynth_structural/cuccaro_adder_n3/structural_combinations/combo0/assembled.qasm,0.5063688534612929,,0.11712253225900089,0.0,0.1,True
gf_2pow2_mult,gf_2pow2_mult:combo0,0,ok,ok,,public_resynth_no_gadgets,gf_2pow2_mult_comp2,0,1,0,1,0.0,0,17,12,2.0,ok,,2.0,1.0714285714285714,2.0,1.0,4.023809523809524,4.023809523809524,ok,,169,6,1014,84,6,504,17,72,157,6,942,145,96,6,576,80,12,73,0.5029585798816568,2.227272727272727,1.2499999999999998,4.295454545454546,4.023809523809524,0.6071428571428571,1.5,3.459016393442623,17,12,169,211,0.08056872037914692,0.46703296703296704,18,17,1.0,0.0,0.7058823529411765,results/tmp_alphaq_border_full/public_resynth_structural/gf_2pow2_mult/structural_combinations/combo0/assembled.qasm,2.051564569282794,,0.04949644335614733,0.8450150570986954,0.1,False
gf_2pow2_mult,gf_2pow2_mult:combo1,1,ok,ok,,public_resynth_no_gadgets,gf_2pow2_mult_comp2,1,1,0,1,0.0,0,17,8,1.8571428571428572,ok,,1.8571428571428572,0.9285714285714286,1.8571428571428572,1.0,3.8095238095238093,3.8095238095238093,ok,,160,6,960,78,6,468,17,69,148,6,888,141,90,6,540,77,12,70,0.5125,2.159090909090909,1.1818181818181819,4.181818181818182,3.8095238095238093,0.6071428571428571,1.0,3.4262295081967213,17,8,160,209,0.08133971291866028,0.4696132596685083,18,17,1.0,0.0,0.47058823529411764,results/tmp_alphaq_border_full/public_resynth_structural/gf_2pow2_mult/structural_combinations/combo1/assembled.qasm,1.7902953303750337,,0.01841194840632639,0.583745818190935,0.1,False
gf_2pow2_mult,gf_2pow2_mult:combo2,2,ok,ok,,public_resynth_no_gadgets,gf_2pow2_mult_comp2,2,1,0,1,0.0,0,17,6,1.7380952380952381,ok,,1.7380952380952381,0.8095238095238095,1.7380952380952381,1.0,3.8333333333333335,3.8333333333333335,ok,,161,6,966,73,6,438,17,64,148,6,888,139,86,6,516,73,13,75,0.546583850931677,2.0681818181818183,1.090909090909091,4.204545454545454,3.8333333333333335,0.6071428571428571,0.75,3.4754098360655736,17,6,161,212,0.08018867924528301,0.4657534246575342,18,17,1.0,0.0,0.35294117647058826,results/tmp_alphaq_border_full/public_resynth_structural/gf_2pow2_mult/structural_combinations/combo2/assembled.qasm,1.7762032782728232,,0.0378558360978557,0.5696537660887244,0.1,False
gf_2pow2_mult,gf_2pow2_mult:combo3,3,ok,ok,,public_resynth_no_gadgets,gf_2pow2_mult_comp2,3,1,0,1,0.0,0,17,12,1.8333333333333333,ok,,1.8333333333333333,0.9047619047619047,1.8333333333333333,1.0,3.761904761904762,3.761904761904762,ok,,158,6,948,77,6,462,17,64,147,6,882,134,88,6,528,71,11,70,0.5126582278481012,2.0454545454545454,1.0681818181818181,4.0,3.761904761904762,0.6071428571428571,1.5,3.262295081967213,17,12,158,199,0.08542713567839195,0.48295454545454547,18,17,1.0,0.029411764705882353,0.7058823529411765,results/tmp_alphaq_border_full/public_resynth_structural/gf_2pow2_mult/structural_combinations/combo3/assembled.qasm,1.8716651358085947,,0.03358751313542138,0.6651156236244959,0.1,False
gf_2pow2_mult,gf_2pow2_mult:combo4,4,ok,ok,,public_resynth_no_gadgets,gf_2pow2_mult_comp2,4,1,0,1,0.0,0,17,8,1.7142857142857142,ok,,1.7142857142857142,0.7857142857142856,1.7142857142857142,1.0,3.6666666666666665,3.6666666666666665,ok,,154,6,924,72,6,432,17,61,143,6,858,136,83,6,498,68,11,72,0.538961038961039,1.9772727272727273,1.0,4.090909090909091,3.6666666666666665,0.6071428571428571,1.0,3.3934426229508197,17,8,154,207,0.0821256038647343,0.4722222222222222,18,17,1.0,0.0,0.47058823529411764,results/tmp_alphaq_border_full/public_resynth_structural/gf_2pow2_mult/structural_combinations/combo4/assembled.qasm,1.610079671201234,,0.03810233377921356,0.4035301590171352,0.1,False
gf_2pow2_mult,gf_2pow2_mult:combo5,5,ok,ok,,public_resynth_no_gadgets,gf_2pow2_mult_comp2,5,1,0,1,0.0,0,17,12,1.8571428571428572,ok,,1.8571428571428572,0.9285714285714286,1.8571428571428572,1.0,3.761904761904762,3.761904761904762,ok,,158,6,948,78,6,468,17,66,148,6,888,142,88,6,528,72,10,73,0.5253164556962026,2.0454545454545454,1.0681818181818181,4.068181818181818,3.761904761904762,0.6071428571428571,1.5,3.4754098360655736,17,12,158,212,0.08018867924528301,0.4657534246575342,18,17,1.0,0.0,0.7058823529411765,results/tmp_alphaq_border_full/public_resynth_structural/gf_2pow2_mult/structural_combinations/combo5/assembled.qasm,1.6978314016588563,,0.06307680654488837,0.4912818894747575,0.1,False
gf_2pow2_mult,gf_2pow2_mult:combo6,6,ok,ok,,public_resynth_no_gadgets,gf_2pow2_mult_comp2,6,1,0,1,0.0,0,17,12,1.5952380952380953,ok,,1.5952380952380953,0.6666666666666667,1.5952380952380953,1.0,3.5238095238095237,3.5238095238095237,ok,,148,6,888,67,6,402,17,58,136,6,816,131,79,6,474,66,12,71,0.5608108108108109,1.8863636363636365,0.9090909090909092,4.045454545454546,3.5238095238095237,0.6071428571428571,1.5,3.3114754098360657,17,12,148,202,0.08415841584158416,0.4788732394366197,18,17,1.0,0.029411764705882353,0.7058823529411765,results/tmp_alphaq_border_full/public_resynth_structural/gf_2pow2_mult/structural_combinations/combo6/assembled.qasm,1.5854711514987212,,0.024438974686976356,0.3789216393146224,0.1,False
gf_2pow2_mult,gf_2pow2_mult:combo7,7,ok,ok,,public_resynth_no_gadgets,gf_2pow2_mult_comp2,7,1,0,1,0.0,0,17,12,1.4523809523809523,ok,,1.4523809523809523,0.5238095238095237,1.4523809523809523,1.0,3.4523809523809526,3.4523809523809526,ok,,145,6,870,61,6,366,17,54,134,6,804,127,72,6,432,61,11,73,0.5793103448275863,1.7272727272727273,0.75,3.7954545454545454,3.4523809523809526,0.6071428571428571,1.5,3.19672131147541,17,12,145,195,0.08717948717948718,0.4885057471264368,18,17,1.0,0.029411764705882353,0.7058823529411765,results/tmp_alphaq_border_full/public_resynth_structural/gf_2pow2_mult/structural_combinations/combo7/assembled.qasm,1.5644093339792267,,0.026518957560767893,0.3578598217951279,0.1,False
gf_2pow2_mult,gf_2pow2_mult:combo8,8,ok,ok,,public_resynth_no_gadgets,gf_2pow2_mult_comp2,8,1,0,1,0.0,0,17,6,1.7857142857142858,ok,,1.7857142857142858,0.8571428571428572,1.7857142857142858,1.0,3.7142857142857144,3.7142857142857144,ok,,156,6,936,75,6,450,17,62,145,6,870,132,86,6,516,69,11,70,0.5192307692307693,2.022727272727273,1.0454545454545456,3.9545454545454546,3.7142857142857144,0.6071428571428571,0.75,3.1147540983606556,17,6,156,190,0.08947368421052632,0.4956268221574344,18,17,1.0,0.0,0.35294117647058826,results/tmp_alphaq_border_full/public_resynth_structural/gf_2pow2_mult/structural_combinations/combo8/assembled.qasm,1.7987334095981726,,0.04561789386743869,0.5921838974140738,0.1,False
gf_2pow2_mult,gf_2pow2_mult:combo9,9,ok,ok,,public_resynth_gadgets,gf_2pow2_mult_comp2,0,1,1,0,1.0,1,21,8,1.4761904761904763,ok,,1.4761904761904763,0.5476190476190477,1.4761904761904763,1.0,3.857142857142857,3.857142857142857,ok,,162,6,972,62,6,372,21,40,147,6,882,122,77,6,462,51,15,85,0.6172839506172839,1.9090909090909092,0.9318181818181819,4.363636363636363,3.857142857142857,0.75,1.0,3.9344262295081966,21,8,162,240,0.0875,0.48951048951048953,16,15,1.4,0.3,0.38095238095238093,results/tmp_alphaq_border_full/public_resynth_structural/gf_2pow2_mult/structural_combinations/combo9/assembled.qasm,1.3836794256894802,,0.06348593026657363,0.17712991350538143,0.1,False
gf_2pow2_mult,gf_2pow2_mult:combo10,10,ok,ok,,public_resynth_gadgets,gf_2pow2_mult_comp2,1,1,1,0,1.0,1,21,5,1.4285714285714286,ok,,1.4285714285714286,0.5,1.4285714285714286,1.0,3.761904761904762,3.761904761904762,ok,,158,6,948,60,6,360,21,40,144,6,864,123,74,6,444,49,14,84,0.620253164556962,1.9318181818181819,0.9545454545454546,4.409090909090909,3.761904761904762,0.75,0.625,3.9672131147540983,21,5,158,242,0.08677685950413223,0.4872389791183295,16,15,1.4,0.3,0.23809523809523808,results/tmp_alphaq_border_full/public_resynth_structural/gf_2pow2_mult/structural_combinations/combo10/assembled.qasm,1.3926219414662946,,0.020225885937761603,0.1860724292821958,0.1,False
gf_2pow2_mult,gf_2pow2_mult:combo11,11,ok,ok,,public_resynth_gadgets,gf_2pow2_mult_comp2,2,1,1,0,1.0,1,21,6,1.2619047619047619,ok,,1.2619047619047619,0.33333333333333326,1.2619047619047619,1.0,3.5,3.5,ok,,147,6,882,53,6,318,21,33,132,6,792,110,68,6,408,44,15,79,0.6394557823129252,1.7272727272727273,0.75,4.045454545454546,3.5,0.75,0.75,3.6885245901639343,21,6,147,225,0.09333333333333334,0.5072463768115942,16,15,1.4,0.3,0.2857142857142857,results/tmp_alphaq_border_full/public_resynth_structural/gf_2pow2_mult/structural_combinations/combo11/assembled.qasm,1.2065495121840988,,0.08709374369817628,0.0,0.1,True
gf_2pow2_mult,gf_2pow2_mult:combo12,12,ok,ok,,public_resynth_gadgets,gf_2pow2_mult_comp2,3,1,1,0,1.0,1,21,6,1.4047619047619047,ok,,1.4047619047619047,0.47619047619047605,1.4047619047619047,1.0,3.7857142857142856,3.7857142857142856,ok,,159,6,954,59,6,354,21,41,143,6,858,124,75,6,450,53,16,84,0.6289308176100629,2.0,1.0227272727272727,4.431818181818182,3.7857142857142856,0.75,0.75,4.098360655737705,21,6,159,250,0.084,0.4783599088838269,16,15,1.4,0.3,0.2857142857142857,results/tmp_alphaq_border_full/public_resynth_structural/gf_2pow2_mult/structural_combinations/combo12/assembled.qasm,1.3335937052657456,,0.06521109267426989,0.12704419308164683,0.1,False
gf_2pow2_mult,gf_2pow2_mult:combo13,13,ok,ok,,public_resynth_gadgets,gf_2pow2_mult_comp2,4,1,1,0,1.0,1,21,10,1.619047619047619,ok,,1.619047619047619,0.6904761904761905,1.619047619047619,1.0,4.214285714285714,4.214285714285714,ok,,177,6,1062,68,6,408,21,47,160,6,960,132,85,6,510,60,17,92,0.615819209039548,2.159090909090909,1.1818181818181819,4.704545454545454,4.214285714285714,0.75,1.25,4.163934426229508,21,10,177,254,0.08267716535433071,0.47404063205417607,16,15,1.4,0.3,0.47619047619047616,results/tmp_alphaq_border_full/public_resynth_structural/gf_2pow2_mult/structural_combinations/combo13/assembled.qasm,1.7808981169368563,,0.05445292624377521,0.5743486047527575,0.1,False
gf_2pow2_mult,gf_2pow2_mult:combo14,14,ok,ok,,public_resynth_gadgets,gf_2pow2_mult_comp2,5,1,1,0,1.0,1,21,9,1.5238095238095237,ok,,1.5238095238095237,0.5952380952380951,1.5238095238095237,1.0,3.857142857142857,3.857142857142857,ok,,162,6,972,64,6,384,21,44,148,6,888,125,78,6,468,54,14,84,0.6049382716049383,2.0,1.0227272727272727,4.454545454545454,3.857142857142857,0.75,1.125,3.9836065573770494,21,9,162,243,0.08641975308641975,0.4861111111111111,16,15,1.4,0.3,0.42857142857142855,results/tmp_alphaq_border_full/public_resynth_structural/gf_2pow2_mult/structural_combinations/combo14/assembled.qasm,1.4571486254490367,,0.009822680857746733,0.2505991132649379,0.1,False
gf_2pow2_mult,gf_2pow2_mult:combo15,15,ok,ok,,public_resynth_gadgets,gf_2pow2_mult_comp2,6,1,1,0,1.0,1,21,12,1.5952380952380953,ok,,1.5952380952380953,0.6666666666666667,1.5952380952380953,1.0,4.0476190476190474,4.0476190476190474,ok,,170,6,1020,67,6,402,21,45,153,6,918,127,84,6,504,59,17,86,0.6058823529411764,2.159090909090909,1.1818181818181819,4.590909090909091,4.0476190476190474,0.75,1.5,4.081967213114754,21,12,170,249,0.08433734939759036,0.4794520547945205,16,15,1.4,0.3,0.5714285714285714,results/tmp_alphaq_border_full/public_resynth_structural/gf_2pow2_mult/structural_combinations/combo15/assembled.qasm,1.7442184359036201,,0.036493673775191526,0.5376689237195214,0.1,False
gf_2pow2_mult,gf_2pow2_mult:combo16,16,ok,ok,,public_resynth_gadgets,gf_2pow2_mult_comp2,7,1,1,0,1.0,1,21,5,1.5476190476190477,ok,,1.5476190476190477,0.6190476190476191,1.5476190476190477,1.0,4.0476190476190474,4.0476190476190474,ok,,170,6,1020,65,6,390,21,44,152,6,912,126,83,6,498,58,18,87,0.6176470588235294,2.159090909090909,1.1818181818181819,4.636363636363637,4.0476190476190474,0.75,0.625,4.098360655737705,21,5,170,250,0.084,0.4783599088838269,16,15,1.4,0.3,0.23809523809523808,results/tmp_alphaq_border_full/public_resynth_structural/gf_2pow2_mult/structural_combinations/combo16/assembled.qasm,1.6610197133906777,,0.010874490934946671,0.4544702012065789,0.1,False
gf_2pow2_mult,gf_2pow2_mult:combo17,17,ok,ok,,public_resynth_gadgets,gf_2pow2_mult_comp2,8,1,1,0,1.0,1,21,6,1.2857142857142858,ok,,1.2857142857142858,0.3571428571428572,1.2857142857142858,1.0,3.7142857142857144,3.7142857142857144,ok,,156,6,936,54,6,324,21,37,139,6,834,119,71,6,426,51,17,85,0.6538461538461539,1.8636363636363635,0.8863636363636362,4.340909090909091,3.7142857142857144,0.75,0.75,3.9508196721311477,21,6,156,241,0.08713692946058091,0.4883720930232558,16,15,1.4,0.3,0.2857142857142857,results/tmp_alphaq_border_full/public_resynth_structural/gf_2pow2_mult/structural_combinations/combo17/assembled.qasm,1.3822709701017828,,0.011267189861260211,0.175721457917684,0.1,False
mod_5_4,mod_5_4:combo0,0,ok,ok,,public_resynth_no_gadgets,mod_5_4,0,1,0,1,0.0,0,7,4,0.4576271186440678,ok,,0.4576271186440678,-0.38983050847457623,0.4576271186440678,1.0,0.9661016949152542,0.9661016949152542,ok,,57,5,285,27,5,135,7,21,53,5,265,53,31,5,155,26,4,26,0.5263157894736842,0.5423728813559322,-0.3728813559322034,1.11864406779661,0.9661016949152542,0.25,0.25,0.8987341772151899,7,4,57,71,0.09859154929577464,0.5223880597014925,8,7,1.0,0.07142857142857142,0.5714285714285714,results/tmp_alphaq_border_full/public_resynth_structural/mod_5_4/structural_combinations/combo0/assembled.qasm,0.369243675385831,,0.027927183196406975,0.2900397289395383,0.1,False
mod_5_4,mod_5_4:combo1,1,ok,ok,,public_resynth_gadgets,mod_5_4,0,1,1,0,1.0,1,7,4,0.08135593220338982,ok,,0.08135593220338982,-0.7661016949152541,0.13559322033898305,0.6,1.0,1.0,ok,,59,5,295,8,3,24,7,4,48,5,240,46,19,5,95,15,11,40,0.864406779661017,0.3728813559322034,-0.5423728813559322,1.2203389830508475,1.0,0.25,0.25,1.0506329113924051,7,4,59,83,0.08433734939759036,0.4794520547945205,6,5,1.4,0.3,0.5714285714285714,results/tmp_alphaq_border_full/public_resynth_structural/mod_5_4/structural_combinations/combo1/assembled.qasm,0.07920394644629274,,0.0711443725438329,0.0,0.1,True
qft_4,qft_4:combo0,0,ok,ok,,public_resynth_no_gadgets,qft_4,0,1,0,1,0.0,0,53,25,8.013157894736842,ok,,8.013157894736842,7.026315789473685,0.9539473684210527,8.4,3.4802631578947367,29.930263157894736,ok,,529,43,22747,145,42,6090,53,145,527,43,22661,617,147,42,6174,151,10,387,0.7504725897920604,1.1646341463414633,0.17682926829268286,4.213414634146342,3.4802631578947367,0.7681159420289855,0.625,4.775401069518717,53,25,529,893,0.0593505039193729,0.38686131386861317,54,53,1.0,0.32075471698113206,0.4716981132075472,results/tmp_alphaq_border_full/public_resynth_structural/qft_4/structural_combinations/combo0/assembled.qasm,8.158825453708927,,0.004386621755034035,0.9459043948900066,0.1,False
qft_4,qft_4:combo1,1,ok,ok,,public_resynth_no_gadgets,qft_4,1,1,0,1,0.0,0,53,25,8.952631578947368,ok,,8.952631578947368,7.965789473684211,1.0657894736842106,8.4,3.611842105263158,31.061842105263157,ok,,549,43,23607,162,42,6804,53,150,547,43,23521,619,164,42,6888,154,8,386,0.7176684881602914,1.1890243902439024,0.2012195121951219,4.25,3.611842105263158,0.7681159420289855,0.625,4.770053475935829,53,25,549,892,0.05941704035874439,0.38714390065741416,54,53,1.0,0.3113207547169811,0.4716981132075472,results/tmp_alphaq_border_full/public_resynth_structural/qft_4/structural_combinations/combo1/assembled.qasm,8.266582544177423,,0.034654692415252625,1.0536614853585027,0.1,False
qft_4,qft_4:combo2,2,ok,ok,,public_resynth_no_gadgets,qft_4,2,1,0,1,0.0,0,53,25,8.178947368421053,ok,,8.178947368421053,7.192105263157895,0.9736842105263158,8.4,3.5592105263157894,30.60921052631579,ok,,541,43,23263,148,42,6216,53,146,539,43,23177,618,150,42,6300,151,10,391,0.7412199630314233,1.1829268292682926,0.19512195121951215,4.2682926829268295,3.5592105263157894,0.7681159420289855,0.625,4.770053475935829,53,25,541,892,0.05941704035874439,0.38714390065741416,54,53,1.0,0.29245283018867924,0.4716981132075472,results/tmp_alphaq_border_full/public_resynth_structural/qft_4/structural_combinations/combo2/assembled.qasm,8.241105712431716,,0.0211765484344803,1.0281846536127963,0.1,False
qft_4,qft_4:combo3,3,ok,ok,,public_resynth_no_gadgets,qft_4,3,1,0,1,0.0,0,53,25,7.902631578947369,ok,,7.902631578947369,6.915789473684211,0.9407894736842105,8.4,3.5065789473684212,30.15657894736842,ok,,533,43,22919,143,42,6006,53,151,531,43,22833,625,145,42,6090,156,10,388,0.7467166979362101,1.225609756097561,0.23780487804878048,4.2926829268292686,3.5065789473684212,0.7681159420289855,0.625,4.791443850267379,53,25,533,896,0.05915178571428571,0.3860160233066278,54,53,1.0,0.330188679245283,0.4716981132075472,results/tmp_alphaq_border_full/public_resynth_structural/qft_4/structural_combinations/combo3/assembled.qasm,8.243867858286926,,0.032408125404351444,1.0309467994680057,0.1,False
qft_4,qft_4:combo4,4,ok,ok,,public_resynth_no_gadgets,qft_4,4,1,0,1,0.0,0,53,23,8.123684210526315,ok,,8.123684210526315,7.136842105263158,0.9671052631578947,8.4,3.4342105263157894,29.53421052631579,ok,,522,43,22446,147,42,6174,53,148,520,43,22360,614,149,42,6258,153,10,374,0.735632183908046,1.2073170731707317,0.2195121951219512,4.225609756097561,3.4342105263157894,0.7681159420289855,0.575,4.695187165775401,53,23,522,878,0.06036446469248292,0.39114391143911437,54,53,1.0,0.32075471698113206,0.4339622641509434,results/tmp_alphaq_border_full/public_resynth_structural/qft_4/structural_combinations/combo4/assembled.qasm,8.083343641940813,,0.04252821797126418,0.8704225831218926,0.1,False
qft_4,qft_4:combo5,5,ok,ok,,public_resynth_no_gadgets,qft_4,5,1,0,1,0.0,0,53,23,7.4605263157894735,ok,,7.4605263157894735,6.473684210526316,0.8881578947368421,8.4,3.4539473684210527,29.70394736842105,ok,,525,43,22575,135,42,5670,53,135,523,43,22489,606,137,42,5754,140,10,389,0.76,1.079268292682927,0.09146341463414642,4.170731707317073,3.4539473684210527,0.7681159420289855,0.575,4.721925133689839,53,23,525,883,0.06002265005662514,0.3897058823529412,54,53,1.0,0.3113207547169811,0.4339622641509434,results/tmp_alphaq_border_full/public_resynth_structural/qft_4/structural_combinations/combo5/assembled.qasm,8.104871243737525,,0.04181559423964554,0.8919501849186053,0.1,False
qft_4,qft_4:combo6,6,ok,ok,,public_resynth_gadgets,qft_4,0,1,1,0,1.0,1,67,23,7.067105263157894,ok,,7.067105263157894,6.080263157894737,0.8618421052631579,8.2,3.4276315789473686,29.477631578947367,ok,,521,43,22403,131,41,5371,67,106,519,43,22317,579,133,42,5586,112,9,392,0.7696737044145874,1.1524390243902438,0.16463414634146334,4.286585365853658,3.4276315789473686,0.9710144927536232,0.575,4.967914438502674,67,23,521,929,0.0721205597416577,0.43733681462140994,60,59,1.1355932203389831,0.3813559322033898,0.34328358208955223,results/tmp_alphaq_border_full/public_resynth_structural/qft_4/structural_combinations/combo6/assembled.qasm,7.21292105881892,,0.1754822609120458,0.0,0.1,True
qft_4,qft_4:combo7,7,ok,ok,,public_resynth_gadgets,qft_4,1,1,1,0,1.0,1,67,24,6.473684210526316,ok,,6.473684210526316,5.486842105263158,0.7894736842105263,8.2,3.4473684210526314,29.647368421052633,ok,,524,43,22532,120,41,4920,67,102,515,43,22145,577,129,42,5418,112,13,395,0.7786259541984732,1.170731707317073,0.18292682926829262,4.298780487804878,3.4473684210526314,0.9710144927536232,0.6,5.005347593582887,67,24,524,936,0.07158119658119658,0.43534762833008445,60,59,1.1355932203389831,0.3728813559322034,0.3582089552238806,results/tmp_alphaq_border_full/public_resynth_structural/qft_4/structural_combinations/combo7/assembled.qasm,7.401220666631795,,0.13903631466949948,0.18829960781287447,0.1,False
qft_4,qft_4:combo8,8,ok,ok,,public_resynth_gadgets,qft_4,2,1,1,0,1.0,1,67,23,7.714473684210526,ok,,7.714473684210526,6.727631578947369,0.9407894736842105,8.2,3.6052631578947367,31.00526315789474,ok,,548,43,23564,143,41,5863,67,119,533,43,22919,594,158,42,6636,128,15,394,0.7463503649635036,1.2621951219512195,0.27439024390243905,4.371951219512195,3.6052631578947367,0.9710144927536232,0.575,5.101604278074866,67,23,548,954,0.07023060796645703,0.43031470777135516,60,59,1.1355932203389831,0.3728813559322034,0.34328358208955223,results/tmp_alphaq_border_full/public_resynth_structural/qft_4/structural_combinations/combo8/assembled.qasm,7.5785931659455485,,0.026558083107886765,0.36567210712662845,0.1,False
qft_4,qft_4:combo9,9,ok,ok,,public_resynth_gadgets,qft_4,3,1,1,0,1.0,1,67,26,6.689473684210526,ok,,6.689473684210526,5.7026315789473685,0.8157894736842105,8.2,3.3684210526315788,28.96842105263158,ok,,512,43,22016,124,41,5084,67,107,503,43,21629,576,133,42,5586,113,11,384,0.771484375,1.1768292682926829,0.18902439024390238,4.225609756097561,3.3684210526315788,0.9710144927536232,0.65,4.93048128342246,67,26,512,922,0.07266811279826464,0.43934426229508194,60,59,1.1355932203389831,0.3813559322033898,0.3880597014925373,results/tmp_alphaq_border_full/public_resynth_structural/qft_4/structural_combinations/combo9/assembled.qasm,7.625330670929834,,0.12469591577739873,0.4124096121109142,0.1,False
qft_4,qft_4:combo10,10,ok,ok,,public_resynth_gadgets,qft_4,4,1,1,0,1.0,1,67,26,8.307894736842105,ok,,8.307894736842105,7.321052631578947,1.013157894736842,8.2,3.5592105263157894,30.60921052631579,ok,,541,43,23263,154,41,6314,67,121,536,43,23048,592,159,42,6678,127,8,388,0.7319778188539742,1.2073170731707317,0.2195121951219512,4.262195121951219,3.5592105263157894,0.9710144927536232,0.65,5.048128342245989,67,26,541,944,0.07097457627118645,0.43309631544925664,60,59,1.1355932203389831,0.3813559322033898,0.3880597014925373,results/tmp_alphaq_border_full/public_resynth_structural/qft_4/structural_combinations/combo10/assembled.qasm,7.910505063457012,,0.015068950480001977,0.6975840046380917,0.1,False
qft_4,qft_4:combo11,11,ok,ok,,public_resynth_gadgets,qft_4,5,1,1,0,1.0,1,67,24,9.781578947368422,ok,,9.781578947368422,8.794736842105264,1.1644736842105263,8.4,3.7828947368421053,32.5328947368421,ok,,575,43,24725,177,42,7434,67,131,565,43,24295,601,187,42,7854,136,10,389,0.6939130434782609,1.3658536585365855,0.378048780487805,4.4573170731707314,3.7828947368421053,0.9710144927536232,0.6,5.128342245989304,67,24,575,959,0.06986444212721585,0.42893725992317544,60,59,1.1355932203389831,0.3898305084745763,0.3582089552238806,results/tmp_alphaq_border_full/public_resynth_structural/qft_4/structural_combinations/combo11/assembled.qasm,8.042644573895315,,0.11266421356245275,0.8297235150763944,0.1,False
qft_4,qft_4:combo12,12,ok,ok,,public_resynth_gadgets,qft_4,6,1,1,0,1.0,1,67,23,8.523684210526316,ok,,8.523684210526316,7.536842105263158,1.0394736842105263,8.2,3.5789473684210527,30.778947368421054,ok,,544,43,23392,158,41,6478,67,107,539,43,23177,577,163,42,6846,113,10,381,0.71875,1.1646341463414633,0.17682926829268286,4.2439024390243905,3.5789473684210527,0.9710144927536232,0.575,4.951871657754011,67,23,544,926,0.07235421166306695,0.4381948986265533,60,59,1.1355932203389831,0.3813559322033898,0.34328358208955223,results/tmp_alphaq_border_full/public_resynth_structural/qft_4/structural_combinations/combo12/assembled.qasm,7.807577257531695,,0.070020335037048,0.5946561987127748,0.1,False
qft_4,qft_4:combo13,13,ok,ok,,public_resynth_gadgets,qft_4,7,1,1,0,1.0,1,67,27,8.2,ok,,8.2,7.213157894736842,1.0,8.2,3.5526315789473686,30.55263157894737,ok,,540,43,23220,152,41,6232,67,118,537,43,23091,589,155,42,6510,124,9,387,0.7333333333333333,1.2621951219512195,0.27439024390243905,4.365853658536586,3.5526315789473686,0.9710144927536232,0.675,5.042780748663102,67,27,540,943,0.07104984093319194,0.4333764553686934,60,59,1.1355932203389831,0.3728813559322034,0.40298507462686567,results/tmp_alphaq_border_full/public_resynth_structural/qft_4/structural_combinations/combo13/assembled.qasm,8.1333225743768,,0.044747314509916,0.92040151555788,0.1,False
qft_4,qft_4:combo14,14,ok,ok,,public_resynth_gadgets,qft_4,8,1,1,0,1.0,1,67,21,6.419736842105263,ok,,6.419736842105263,5.432894736842106,0.7828947368421053,8.2,3.388157894736842,29.138157894736842,ok,,515,43,22145,119,41,4879,67,110,504,43,21672,580,130,42,5460,117,12,386,0.7728155339805826,1.2378048780487805,0.25,4.304878048780488,3.388157894736842,0.9710144927536232,0.525,5.010695187165775,67,21,515,937,0.07150480256136606,0.43506493506493504,60,59,1.1355932203389831,0.3813559322033898,0.31343283582089554,results/tmp_alphaq_border_full/public_resynth_structural/qft_4/structural_combinations/combo14/assembled.qasm,7.517526495342774,,0.04267926149034638,0.30460543652385397,0.1,False
qft_4,qft_4:combo15,15,ok,ok,,public_resynth_gadgets,qft_4,9,1,1,0,1.0,1,67,27,9.063157894736841,ok,,9.063157894736841,8.076315789473684,1.0789473684210527,8.4,3.651315789473684,31.401315789473685,ok,,555,43,23865,164,42,6888,67,153,553,43,23779,623,166,42,6972,160,9,389,0.7171171171171171,1.4451219512195121,0.45731707317073167,4.536585365853658,3.651315789473684,0.9710144927536232,0.675,5.219251336898396,67,27,555,976,0.06864754098360656,0.4243191893603547,60,59,1.1355932203389831,0.3644067796610169,0.40298507462686567,results/tmp_alphaq_border_full/public_resynth_structural/qft_4/structural_combinations/combo15/assembled.qasm,8.292219590632941,,0.08537246115921833,1.079298531814021,0.1,False
vbe_adder_3,vbe_adder_3:combo0,0,ok,ok,,public_resynth_no_gadgets,vbe_adder_3,0,1,0,1,0.0,0,19,8,2.4824742268041238,ok,,2.4824742268041238,1.554639175257732,1.7731958762886597,1.4,4.082474226804123,5.715463917525773,ok,,396,14,5544,172,14,2408,19,164,385,14,5390,414,183,14,2562,176,11,223,0.5909090909090909,1.83,0.8600000000000001,4.41,4.082474226804123,0.2714285714285714,0.4444444444444444,2.836842105263158,19,8,396,539,0.03525046382189239,0.2676056338028169,20,19,1.0,0.10526315789473684,0.42105263157894735,results/tmp_alphaq_border_full/public_resynth_structural/vbe_adder_3/structural_combinations/combo0/assembled.qasm,2.521403488699685,,0.04204570772987117,1.3738686346693914,0.1,False
vbe_adder_3,vbe_adder_3:combo1,1,ok,ok,,public_resynth_no_gadgets,vbe_adder_3,1,1,0,1,0.0,0,19,10,3.3195876288659796,ok,,3.3195876288659796,2.391752577319588,2.3711340206185567,1.4,4.927835051546392,6.898969072164949,ok,,478,14,6692,230,14,3220,19,215,470,14,6580,496,238,14,3332,224,8,240,0.5188284518828452,2.41,1.4400000000000002,5.55,4.927835051546392,0.2714285714285714,0.5555555555555556,3.536842105263158,19,10,478,672,0.028273809523809524,0.22538552787663108,20,19,1.0,0.02631578947368421,0.5263157894736842,results/tmp_alphaq_border_full/public_resynth_structural/vbe_adder_3/structural_combinations/combo1/assembled.qasm,3.3539631286507756,,0.03859608625057376,2.2064282746204817,0.1,False
vbe_adder_3,vbe_adder_3:combo2,2,ok,ok,,public_resynth_no_gadgets,vbe_adder_3,2,1,0,1,0.0,0,19,8,2.063917525773196,ok,,2.063917525773196,1.1360824742268043,1.4742268041237114,1.4,3.865979381443299,5.412371134020619,ok,,375,14,5250,143,14,2002,19,144,365,14,5110,400,153,14,2142,155,10,222,0.6186666666666667,1.6,0.6300000000000001,4.29,3.865979381443299,0.2714285714285714,0.4444444444444444,2.8157894736842106,19,8,375,535,0.03551401869158879,0.26912181303116145,20,19,1.0,0.07894736842105263,0.42105263157894735,results/tmp_alphaq_border_full/public_resynth_structural/vbe_adder_3/structural_combinations/combo2/assembled.qasm,2.194506348273094,,0.0890885834521669,1.0469714942428003,0.1,False
vbe_adder_3,vbe_adder_3:combo3,3,ok,ok,,public_resynth_no_gadgets,vbe_adder_3,3,1,0,1,0.0,0,19,8,2.424742268041237,ok,,2.424742268041237,1.4969072164948451,1.731958762886598,1.4,4.103092783505154,5.7443298969072165,ok,,398,14,5572,168,14,2352,19,168,390,14,5460,422,176,14,2464,177,8,222,0.5778894472361809,1.88,0.9099999999999999,4.47,4.103092783505154,0.2714285714285714,0.4444444444444444,2.873684210526316,19,8,398,546,0.0347985347985348,0.2649930264993027,20,19,1.0,0.02631578947368421,0.42105263157894735,results/tmp_alphaq_border_full/public_resynth_structural/vbe_adder_3/structural_combinations/combo3/assembled.qasm,2.427800088572026,,0.03127112448548724,1.2802652345417325,0.1,False
vbe_adder_3,vbe_adder_3:combo4,4,ok,ok,,public_resynth_no_gadgets,vbe_adder_3,4,1,0,1,0.0,0,19,8,2.9587628865979383,ok,,2.9587628865979383,2.0309278350515463,2.11340206185567,1.4,4.494845360824742,6.292783505154639,ok,,436,14,6104,205,14,2870,19,198,429,14,6006,454,212,14,2968,206,7,224,0.5298165137614679,2.12,1.1500000000000001,4.79,4.494845360824742,0.2714285714285714,0.4444444444444444,3.0473684210526315,19,8,436,579,0.03281519861830743,0.25333333333333335,20,19,1.0,0.07894736842105263,0.42105263157894735,results/tmp_alphaq_border_full/public_resynth_structural/vbe_adder_3/structural_combinations/combo4/assembled.qasm,2.8553034647223234,,0.0314565905099843,1.7077686106920298,0.1,False
vbe_adder_3,vbe_adder_3:combo5,5,ok,ok,,public_resynth_no_gadgets,vbe_adder_3,5,1,0,1,0.0,0,19,10,2.107216494845361,ok,,2.107216494845361,1.179381443298969,1.5051546391752577,1.4,3.845360824742268,5.383505154639176,ok,,373,14,5222,146,14,2044,19,141,368,14,5152,399,151,14,2114,150,5,227,0.6219839142091153,1.58,0.6100000000000001,4.25,3.845360824742268,0.2714285714285714,0.5555555555555556,2.7736842105263158,19,10,373,527,0.036053130929791274,0.2722063037249284,20,19,1.0,0.05263157894736842,0.5263157894736842,results/tmp_alphaq_border_full/public_resynth_structural/vbe_adder_3/structural_combinations/combo5/assembled.qasm,2.2624351774561817,,0.043956285545445936,1.114900323425888,0.1,False
vbe_adder_3,vbe_adder_3:combo6,6,ok,ok,,public_resynth_no_gadgets,vbe_adder_3,6,1,0,1,0.0,0,19,8,2.381443298969072,ok,,2.381443298969072,1.4536082474226804,1.7010309278350515,1.4,4.164948453608248,5.830927835051546,ok,,404,14,5656,165,14,2310,19,160,396,14,5544,425,173,14,2422,169,8,231,0.5915841584158416,1.86,0.8900000000000001,4.64,4.164948453608248,0.2714285714285714,0.4444444444444444,2.942105263157895,19,8,404,559,0.03398926654740608,0.2602739726027397,20,19,1.0,0.02631578947368421,0.42105263157894735,results/tmp_alphaq_border_full/public_resynth_structural/vbe_adder_3/structural_combinations/combo6/assembled.qasm,2.433283813934391,,0.025627593506537878,1.2857489599040972,0.1,False
vbe_adder_3,vbe_adder_3:combo7,7,ok,ok,,public_resynth_no_gadgets,vbe_adder_3,7,1,0,1,0.0,0,19,10,2.511340206185567,ok,,2.511340206185567,1.5835051546391752,1.7938144329896908,1.4,4.134020618556701,5.787628865979381,ok,,401,14,5614,174,14,2436,19,170,394,14,5516,415,181,14,2534,178,7,220,0.5660847880299252,1.93,0.96,4.39,4.134020618556701,0.2714285714285714,0.5555555555555556,2.7,19,10,401,513,0.037037037037037035,0.2777777777777778,20,19,1.0,0.07894736842105263,0.5263157894736842,results/tmp_alphaq_border_full/public_resynth_structural/vbe_adder_3/structural_combinations/combo7/assembled.qasm,2.536822798848036,,0.010133968362329158,1.3892879448177424,0.1,False
vbe_adder_3,vbe_adder_3:combo8,8,ok,ok,,public_resynth_no_gadgets,vbe_adder_3,8,1,0,1,0.0,0,19,10,3.0597938144329895,ok,,3.0597938144329895,2.1319587628865975,2.185567010309278,1.4,4.608247422680412,6.4515463917525775,ok,,447,14,6258,212,14,2968,19,194,440,14,6160,448,219,14,3066,202,7,228,0.5257270693512305,2.19,1.22,4.79,4.608247422680412,0.2714285714285714,0.5555555555555556,2.9894736842105263,19,10,447,568,0.03345070422535211,0.2571041948579161,20,19,1.0,0.02631578947368421,0.5263157894736842,results/tmp_alphaq_border_full/public_resynth_structural/vbe_adder_3/structural_combinations/combo8/assembled.qasm,2.877109151596393,,0.018695685267602583,1.7295742975660995,0.1,False
vbe_adder_3,vbe_adder_3:combo9,9,ok,ok,,public_resynth_gadgets,vbe_adder_3,0,1,1,0,1.0,1,21,7,1.1835051546391753,ok,,1.1835051546391753,0.2556701030927835,0.845360824742268,1.4,3.329896907216495,4.661855670103093,ok,,323,14,4522,82,14,1148,21,80,304,14,4256,333,101,14,1414,110,19,222,0.7461300309597523,1.37,0.40000000000000013,3.86,3.329896907216495,0.3,0.3888888888888889,2.5105263157894737,21,7,323,477,0.0440251572327044,0.3153153153153153,16,15,1.4,0.3,0.3333333333333333,results/tmp_alphaq_border_full/public_resynth_structural/vbe_adder_3/structural_combinations/combo9/assembled.qasm,1.1475348540302936,,0.10730632384667088,0.0,0.1,True
