target,objective_variant,materializer,beam_width,synthesis,factor_order,target_strategy,tcount,tdepth,qasm_depth,num_total_cnots,primary_nc_depth_ratio,qasm_depth_ratio,structural_cost,candidate_dir,summary_path
mod_5_4,factor_count,selected-shared-parity,,shared_parity_network,greedy-cnot,max-change,7.0,3.0,40.0,14.0,0.2033898305084746,0.6779661016949152,0.6440677966101694,/Users/caio/Deep-Learning/project/results/alphaq_objective_beam_policy_grid/mod_5_4/factor_count/selected-shared-parity,/Users/caio/Deep-Learning/project/results/alphaq_objective_beam_policy_grid/mod_5_4/factor_count/selected-shared-parity/summary.json
mod_5_4,factor_count,selected-beam-shared-parity-w4,4,beam_shared_parity_network,greedy-cnot,max-change,7.0,3.0,37.0,14.0,0.1864406779661017,0.6271186440677966,0.5932203389830508,/Users/caio/Deep-Learning/project/results/alphaq_objective_beam_policy_grid/mod_5_4/factor_count/selected-beam-shared-parity-w4,/Users/caio/Deep-Learning/project/results/alphaq_objective_beam_policy_grid/mod_5_4/factor_count/selected-beam-shared-parity-w4/summary.json
mod_5_4,factor_count,selected-beam-shared-parity-w16,16,beam_shared_parity_network,greedy-cnot,max-change,7.0,3.0,37.0,14.0,0.1864406779661017,0.6271186440677966,0.5932203389830508,/Users/caio/Deep-Learning/project/results/alphaq_objective_beam_policy_grid/mod_5_4/factor_count/selected-beam-shared-parity-w16,/Users/caio/Deep-Learning/project/results/alphaq_objective_beam_policy_grid/mod_5_4/factor_count/selected-beam-shared-parity-w16/summary.json
mod_5_4,factor_count_pair_cap,selected-shared-parity,,shared_parity_network,greedy-cnot,max-change,7.0,3.0,40.0,14.0,0.2033898305084746,0.6779661016949152,0.6440677966101694,/Users/caio/Deep-Learning/project/results/alphaq_objective_beam_policy_grid/mod_5_4/factor_count_pair_cap/selected-shared-parity,/Users/caio/Deep-Learning/project/results/alphaq_objective_beam_policy_grid/mod_5_4/factor_count_pair_cap/selected-shared-parity/summary.json
mod_5_4,factor_count_pair_cap,selected-beam-shared-parity-w4,4,beam_shared_parity_network,greedy-cnot,max-change,7.0,3.0,37.0,14.0,0.1864406779661017,0.6271186440677966,0.5932203389830508,/Users/caio/Deep-Learning/project/results/alphaq_objective_beam_policy_grid/mod_5_4/factor_count_pair_cap/selected-beam-shared-parity-w4,/Users/caio/Deep-Learning/project/results/alphaq_objective_beam_policy_grid/mod_5_4/factor_count_pair_cap/selected-beam-shared-parity-w4/summary.json
mod_5_4,factor_count_pair_cap,selected-beam-shared-parity-w16,16,beam_shared_parity_network,greedy-cnot,max-change,7.0,3.0,37.0,14.0,0.1864406779661017,0.6271186440677966,0.5932203389830508,/Users/caio/Deep-Learning/project/results/alphaq_objective_beam_policy_grid/mod_5_4/factor_count_pair_cap/selected-beam-shared-parity-w16,/Users/caio/Deep-Learning/project/results/alphaq_objective_beam_policy_grid/mod_5_4/factor_count_pair_cap/selected-beam-shared-parity-w16/summary.json
mod_5_4,mixed_pair,selected-shared-parity,,shared_parity_network,greedy-cnot,max-change,7.0,3.0,40.0,14.0,0.2033898305084746,0.6779661016949152,0.6440677966101694,/Users/caio/Deep-Learning/project/results/alphaq_objective_beam_policy_grid/mod_5_4/mixed_pair/selected-shared-parity,/Users/caio/Deep-Learning/project/results/alphaq_objective_beam_policy_grid/mod_5_4/mixed_pair/selected-shared-parity/summary.json
mod_5_4,mixed_pair,selected-beam-shared-parity-w4,4,beam_shared_parity_network,greedy-cnot,max-change,7.0,3.0,37.0,14.0,0.1864406779661017,0.6271186440677966,0.5932203389830508,/Users/caio/Deep-Learning/project/results/alphaq_objective_beam_policy_grid/mod_5_4/mixed_pair/selected-beam-shared-parity-w4,/Users/caio/Deep-Learning/project/results/alphaq_objective_beam_policy_grid/mod_5_4/mixed_pair/selected-beam-shared-parity-w4/summary.json
mod_5_4,mixed_pair,selected-beam-shared-parity-w16,16,beam_shared_parity_network,greedy-cnot,max-change,7.0,3.0,37.0,14.0,0.1864406779661017,0.6271186440677966,0.5932203389830508,/Users/caio/Deep-Learning/project/results/alphaq_objective_beam_policy_grid/mod_5_4/mixed_pair/selected-beam-shared-parity-w16,/Users/caio/Deep-Learning/project/results/alphaq_objective_beam_policy_grid/mod_5_4/mixed_pair/selected-beam-shared-parity-w16/summary.json
gf_2pow2_mult,factor_count,selected-shared-parity,,shared_parity_network,greedy-cnot,max-change,17.0,5.0,131.0,46.0,1.0909090909090908,3.119047619047619,1.3333333333333333,/Users/caio/Deep-Learning/project/results/alphaq_objective_beam_policy_grid/gf_2pow2_mult/factor_count/selected-shared-parity,/Users/caio/Deep-Learning/project/results/alphaq_objective_beam_policy_grid/gf_2pow2_mult/factor_count/selected-shared-parity/summary.json
gf_2pow2_mult,factor_count,selected-beam-shared-parity-w4,4,beam_shared_parity_network,greedy-cnot,max-change,17.0,4.0,109.0,42.0,0.8636363636363636,2.5952380952380953,0.8095238095238095,/Users/caio/Deep-Learning/project/results/alphaq_objective_beam_policy_grid/gf_2pow2_mult/factor_count/selected-beam-shared-parity-w4,/Users/caio/Deep-Learning/project/results/alphaq_objective_beam_policy_grid/gf_2pow2_mult/factor_count/selected-beam-shared-parity-w4/summary.json
gf_2pow2_mult,factor_count,selected-beam-shared-parity-w16,16,beam_shared_parity_network,greedy-cnot,max-change,17.0,6.0,107.0,36.0,0.8181818181818182,2.5476190476190474,0.7619047619047619,/Users/caio/Deep-Learning/project/results/alphaq_objective_beam_policy_grid/gf_2pow2_mult/factor_count/selected-beam-shared-parity-w16,/Users/caio/Deep-Learning/project/results/alphaq_objective_beam_policy_grid/gf_2pow2_mult/factor_count/selected-beam-shared-parity-w16/summary.json
gf_2pow2_mult,factor_count_pair_cap,selected-shared-parity,,shared_parity_network,greedy-cnot,max-change,17.0,6.0,109.0,32.0,0.7727272727272727,2.5952380952380953,0.8333333333333334,/Users/caio/Deep-Learning/project/results/alphaq_objective_beam_policy_grid/gf_2pow2_mult/factor_count_pair_cap/selected-shared-parity,/Users/caio/Deep-Learning/project/results/alphaq_objective_beam_policy_grid/gf_2pow2_mult/factor_count_pair_cap/selected-shared-parity/summary.json
gf_2pow2_mult,factor_count_pair_cap,selected-beam-shared-parity-w4,4,beam_shared_parity_network,greedy-cnot,max-change,17.0,5.0,106.0,34.0,0.7954545454545454,2.5238095238095237,0.7619047619047619,/Users/caio/Deep-Learning/project/results/alphaq_objective_beam_policy_grid/gf_2pow2_mult/factor_count_pair_cap/selected-beam-shared-parity-w4,/Users/caio/Deep-Learning/project/results/alphaq_objective_beam_policy_grid/gf_2pow2_mult/factor_count_pair_cap/selected-beam-shared-parity-w4/summary.json
gf_2pow2_mult,factor_count_pair_cap,selected-beam-shared-parity-w16,16,beam_shared_parity_network,greedy-cnot,max-change,17.0,5.0,103.0,32.0,0.7272727272727273,2.4523809523809526,0.6904761904761905,/Users/caio/Deep-Learning/project/results/alphaq_objective_beam_policy_grid/gf_2pow2_mult/factor_count_pair_cap/selected-beam-shared-parity-w16,/Users/caio/Deep-Learning/project/results/alphaq_objective_beam_policy_grid/gf_2pow2_mult/factor_count_pair_cap/selected-beam-shared-parity-w16/summary.json
gf_2pow2_mult,mixed_pair,selected-shared-parity,,shared_parity_network,greedy-cnot,max-change,17.0,5.0,110.0,32.0,0.8409090909090909,2.619047619047619,0.9523809523809523,/Users/caio/Deep-Learning/project/results/alphaq_objective_beam_policy_grid/gf_2pow2_mult/mixed_pair/selected-shared-parity,/Users/caio/Deep-Learning/project/results/alphaq_objective_beam_policy_grid/gf_2pow2_mult/mixed_pair/selected-shared-parity/summary.json
gf_2pow2_mult,mixed_pair,selected-beam-shared-parity-w4,4,beam_shared_parity_network,greedy-cnot,max-change,17.0,5.0,99.0,36.0,0.8409090909090909,2.357142857142857,0.6904761904761905,/Users/caio/Deep-Learning/project/results/alphaq_objective_beam_policy_grid/gf_2pow2_mult/mixed_pair/selected-beam-shared-parity-w4,/Users/caio/Deep-Learning/project/results/alphaq_objective_beam_policy_grid/gf_2pow2_mult/mixed_pair/selected-beam-shared-parity-w4/summary.json
gf_2pow2_mult,mixed_pair,selected-beam-shared-parity-w16,16,beam_shared_parity_network,greedy-cnot,max-change,17.0,4.0,100.0,34.0,0.8181818181818182,2.380952380952381,0.7142857142857143,/Users/caio/Deep-Learning/project/results/alphaq_objective_beam_policy_grid/gf_2pow2_mult/mixed_pair/selected-beam-shared-parity-w16,/Users/caio/Deep-Learning/project/results/alphaq_objective_beam_policy_grid/gf_2pow2_mult/mixed_pair/selected-beam-shared-parity-w16/summary.json
hamming_weight_n4,factor_count,selected-shared-parity,,shared_parity_network,greedy-cnot,max-row-weight,23.0,4.0,200.0,66.0,1.162162162162162,5.882352941176471,6.69327731092437,/Users/caio/Deep-Learning/project/results/alphaq_objective_beam_policy_grid/hamming_weight_n4/factor_count/selected-shared-parity,/Users/caio/Deep-Learning/project/results/alphaq_objective_beam_policy_grid/hamming_weight_n4/factor_count/selected-shared-parity/summary.json
hamming_weight_n4,factor_count,selected-beam-shared-parity-w4,4,beam_shared_parity_network,greedy-cnot,max-row-weight,23.0,5.0,181.0,68.0,1.2162162162162162,5.323529411764706,6.012605042016807,/Users/caio/Deep-Learning/project/results/alphaq_objective_beam_policy_grid/hamming_weight_n4/factor_count/selected-beam-shared-parity-w4,/Users/caio/Deep-Learning/project/results/alphaq_objective_beam_policy_grid/hamming_weight_n4/factor_count/selected-beam-shared-parity-w4/summary.json
hamming_weight_n4,factor_count,selected-beam-shared-parity-w16,16,beam_shared_parity_network,greedy-cnot,max-row-weight,23.0,5.0,179.0,60.0,1.162162162162162,5.264705882352941,5.936974789915967,/Users/caio/Deep-Learning/project/results/alphaq_objective_beam_policy_grid/hamming_weight_n4/factor_count/selected-beam-shared-parity-w16,/Users/caio/Deep-Learning/project/results/alphaq_objective_beam_policy_grid/hamming_weight_n4/factor_count/selected-beam-shared-parity-w16/summary.json
hamming_weight_n4,factor_count_pair_cap,selected-shared-parity,,shared_parity_network,greedy-cnot,max-row-weight,21.0,3.0,189.0,62.0,1.2162162162162162,5.5588235294117645,6.73109243697479,/Users/caio/Deep-Learning/project/results/alphaq_objective_beam_policy_grid/hamming_weight_n4/factor_count_pair_cap/selected-shared-parity,/Users/caio/Deep-Learning/project/results/alphaq_objective_beam_policy_grid/hamming_weight_n4/factor_count_pair_cap/selected-shared-parity/summary.json
hamming_weight_n4,factor_count_pair_cap,selected-beam-shared-parity-w4,4,beam_shared_parity_network,greedy-cnot,max-row-weight,21.0,4.0,167.0,66.0,1.2162162162162162,4.911764705882353,5.861344537815126,/Users/caio/Deep-Learning/project/results/alphaq_objective_beam_policy_grid/hamming_weight_n4/factor_count_pair_cap/selected-beam-shared-parity-w4,/Users/caio/Deep-Learning/project/results/alphaq_objective_beam_policy_grid/hamming_weight_n4/factor_count_pair_cap/selected-beam-shared-parity-w4/summary.json
hamming_weight_n4,factor_count_pair_cap,selected-beam-shared-parity-w16,16,beam_shared_parity_network,greedy-cnot,max-row-weight,21.0,4.0,165.0,66.0,0.972972972972973,4.852941176470588,5.785714285714286,/Users/caio/Deep-Learning/project/results/alphaq_objective_beam_policy_grid/hamming_weight_n4/factor_count_pair_cap/selected-beam-shared-parity-w16,/Users/caio/Deep-Learning/project/results/alphaq_objective_beam_policy_grid/hamming_weight_n4/factor_count_pair_cap/selected-beam-shared-parity-w16/summary.json
hamming_weight_n4,mixed_pair,selected-shared-parity,,shared_parity_network,greedy-cnot,max-row-weight,20.0,3.0,182.0,56.0,0.972972972972973,5.352941176470588,6.352941176470588,/Users/caio/Deep-Learning/project/results/alphaq_objective_beam_policy_grid/hamming_weight_n4/mixed_pair/selected-shared-parity,/Users/caio/Deep-Learning/project/results/alphaq_objective_beam_policy_grid/hamming_weight_n4/mixed_pair/selected-shared-parity/summary.json
hamming_weight_n4,mixed_pair,selected-beam-shared-parity-w4,4,beam_shared_parity_network,greedy-cnot,max-row-weight,20.0,4.0,173.0,46.0,0.8648648648648649,5.088235294117647,5.936974789915967,/Users/caio/Deep-Learning/project/results/alphaq_objective_beam_policy_grid/hamming_weight_n4/mixed_pair/selected-beam-shared-parity-w4,/Users/caio/Deep-Learning/project/results/alphaq_objective_beam_policy_grid/hamming_weight_n4/mixed_pair/selected-beam-shared-parity-w4/summary.json
hamming_weight_n4,mixed_pair,selected-beam-shared-parity-w16,16,beam_shared_parity_network,greedy-cnot,max-row-weight,20.0,4.0,173.0,44.0,0.8108108108108109,5.088235294117647,5.936974789915967,/Users/caio/Deep-Learning/project/results/alphaq_objective_beam_policy_grid/hamming_weight_n4/mixed_pair/selected-beam-shared-parity-w16,/Users/caio/Deep-Learning/project/results/alphaq_objective_beam_policy_grid/hamming_weight_n4/mixed_pair/selected-beam-shared-parity-w16/summary.json
hamming_weight_n5,factor_count,selected-shared-parity,,shared_parity_network,given,min-change,20.0,9.0,227.0,78.0,1.3658536585365855,5.973684210526316,6.907894736842105,/Users/caio/Deep-Learning/project/results/alphaq_objective_beam_policy_grid/hamming_weight_n5/factor_count/selected-shared-parity,/Users/caio/Deep-Learning/project/results/alphaq_objective_beam_policy_grid/hamming_weight_n5/factor_count/selected-shared-parity/summary.json
hamming_weight_n5,factor_count,selected-beam-shared-parity-w4,4,beam_shared_parity_network,given,min-change,20.0,4.0,184.0,66.0,1.1219512195121952,4.842105263157895,5.526315789473684,/Users/caio/Deep-Learning/project/results/alphaq_objective_beam_policy_grid/hamming_weight_n5/factor_count/selected-beam-shared-parity-w4,/Users/caio/Deep-Learning/project/results/alphaq_objective_beam_policy_grid/hamming_weight_n5/factor_count/selected-beam-shared-parity-w4/summary.json
hamming_weight_n5,factor_count,selected-beam-shared-parity-w16,16,beam_shared_parity_network,given,min-change,20.0,3.0,182.0,60.0,0.8536585365853658,4.7894736842105265,5.4605263157894735,/Users/caio/Deep-Learning/project/results/alphaq_objective_beam_policy_grid/hamming_weight_n5/factor_count/selected-beam-shared-parity-w16,/Users/caio/Deep-Learning/project/results/alphaq_objective_beam_policy_grid/hamming_weight_n5/factor_count/selected-beam-shared-parity-w16/summary.json
hamming_weight_n5,factor_count_pair_cap,selected-shared-parity,,shared_parity_network,given,min-change,19.0,6.0,207.0,66.0,1.1951219512195121,5.447368421052632,6.282894736842105,/Users/caio/Deep-Learning/project/results/alphaq_objective_beam_policy_grid/hamming_weight_n5/factor_count_pair_cap/selected-shared-parity,/Users/caio/Deep-Learning/project/results/alphaq_objective_beam_policy_grid/hamming_weight_n5/factor_count_pair_cap/selected-shared-parity/summary.json
hamming_weight_n5,factor_count_pair_cap,selected-beam-shared-parity-w4,4,beam_shared_parity_network,given,min-change,19.0,3.0,185.0,66.0,0.926829268292683,4.868421052631579,5.526315789473684,/Users/caio/Deep-Learning/project/results/alphaq_objective_beam_policy_grid/hamming_weight_n5/factor_count_pair_cap/selected-beam-shared-parity-w4,/Users/caio/Deep-Learning/project/results/alphaq_objective_beam_policy_grid/hamming_weight_n5/factor_count_pair_cap/selected-beam-shared-parity-w4/summary.json
hamming_weight_n5,factor_count_pair_cap,selected-beam-shared-parity-w16,16,beam_shared_parity_network,given,min-change,19.0,3.0,180.0,50.0,0.8780487804878049,4.7368421052631575,5.394736842105263,/Users/caio/Deep-Learning/project/results/alphaq_objective_beam_policy_grid/hamming_weight_n5/factor_count_pair_cap/selected-beam-shared-parity-w16,/Users/caio/Deep-Learning/project/results/alphaq_objective_beam_policy_grid/hamming_weight_n5/factor_count_pair_cap/selected-beam-shared-parity-w16/summary.json
hamming_weight_n5,mixed_pair,selected-shared-parity,,shared_parity_network,given,min-change,20.0,8.0,198.0,52.0,0.8536585365853658,5.2105263157894735,6.019736842105263,/Users/caio/Deep-Learning/project/results/alphaq_objective_beam_policy_grid/hamming_weight_n5/mixed_pair/selected-shared-parity,/Users/caio/Deep-Learning/project/results/alphaq_objective_beam_policy_grid/hamming_weight_n5/mixed_pair/selected-shared-parity/summary.json
hamming_weight_n5,mixed_pair,selected-beam-shared-parity-w4,4,beam_shared_parity_network,given,min-change,20.0,4.0,182.0,66.0,0.975609756097561,4.7894736842105265,5.526315789473684,/Users/caio/Deep-Learning/project/results/alphaq_objective_beam_policy_grid/hamming_weight_n5/mixed_pair/selected-beam-shared-parity-w4,/Users/caio/Deep-Learning/project/results/alphaq_objective_beam_policy_grid/hamming_weight_n5/mixed_pair/selected-beam-shared-parity-w4/summary.json
hamming_weight_n5,mixed_pair,selected-beam-shared-parity-w16,16,beam_shared_parity_network,given,min-change,20.0,3.0,180.0,60.0,0.8292682926829268,4.7368421052631575,5.4605263157894735,/Users/caio/Deep-Learning/project/results/alphaq_objective_beam_policy_grid/hamming_weight_n5/mixed_pair/selected-beam-shared-parity-w16,/Users/caio/Deep-Learning/project/results/alphaq_objective_beam_policy_grid/hamming_weight_n5/mixed_pair/selected-beam-shared-parity-w16/summary.json
barenco_tof_3,factor_count,selected-shared-parity,,shared_parity_network,greedy-cnot,max-change,13.0,4.0,196.0,50.0,0.660377358490566,3.843137254901961,5.584313725490196,/Users/caio/Deep-Learning/project/results/alphaq_objective_beam_policy_grid/barenco_tof_3/factor_count/selected-shared-parity,/Users/caio/Deep-Learning/project/results/alphaq_objective_beam_policy_grid/barenco_tof_3/factor_count/selected-shared-parity/summary.json
barenco_tof_3,factor_count,selected-beam-shared-parity-w4,4,beam_shared_parity_network,greedy-cnot,max-change,13.0,3.0,168.0,42.0,0.4339622641509434,3.2941176470588234,4.674509803921569,/Users/caio/Deep-Learning/project/results/alphaq_objective_beam_policy_grid/barenco_tof_3/factor_count/selected-beam-shared-parity-w4,/Users/caio/Deep-Learning/project/results/alphaq_objective_beam_policy_grid/barenco_tof_3/factor_count/selected-beam-shared-parity-w4/summary.json
barenco_tof_3,factor_count,selected-beam-shared-parity-w16,16,beam_shared_parity_network,greedy-cnot,max-change,13.0,4.0,162.0,34.0,0.39622641509433965,3.176470588235294,4.486274509803922,/Users/caio/Deep-Learning/project/results/alphaq_objective_beam_policy_grid/barenco_tof_3/factor_count/selected-beam-shared-parity-w16,/Users/caio/Deep-Learning/project/results/alphaq_objective_beam_policy_grid/barenco_tof_3/factor_count/selected-beam-shared-parity-w16/summary.json
barenco_tof_3,factor_count_pair_cap,selected-shared-parity,,shared_parity_network,greedy-cnot,max-change,13.0,5.0,183.0,48.0,0.660377358490566,3.588235294117647,5.176470588235294,/Users/caio/Deep-Learning/project/results/alphaq_objective_beam_policy_grid/barenco_tof_3/factor_count_pair_cap/selected-shared-parity,/Users/caio/Deep-Learning/project/results/alphaq_objective_beam_policy_grid/barenco_tof_3/factor_count_pair_cap/selected-shared-parity/summary.json
barenco_tof_3,factor_count_pair_cap,selected-beam-shared-parity-w4,4,beam_shared_parity_network,greedy-cnot,max-change,13.0,3.0,164.0,42.0,0.5094339622641509,3.215686274509804,4.549019607843137,/Users/caio/Deep-Learning/project/results/alphaq_objective_beam_policy_grid/barenco_tof_3/factor_count_pair_cap/selected-beam-shared-parity-w4,/Users/caio/Deep-Learning/project/results/alphaq_objective_beam_policy_grid/barenco_tof_3/factor_count_pair_cap/selected-beam-shared-parity-w4/summary.json
barenco_tof_3,factor_count_pair_cap,selected-beam-shared-parity-w16,16,beam_shared_parity_network,greedy-cnot,max-change,13.0,4.0,162.0,32.0,0.4528301886792453,3.176470588235294,4.486274509803922,/Users/caio/Deep-Learning/project/results/alphaq_objective_beam_policy_grid/barenco_tof_3/factor_count_pair_cap/selected-beam-shared-parity-w16,/Users/caio/Deep-Learning/project/results/alphaq_objective_beam_policy_grid/barenco_tof_3/factor_count_pair_cap/selected-beam-shared-parity-w16/summary.json
barenco_tof_3,mixed_pair,selected-shared-parity,,shared_parity_network,greedy-cnot,max-change,23.0,5.0,186.0,54.0,0.8113207547169812,3.6470588235294117,5.113725490196078,/Users/caio/Deep-Learning/project/results/alphaq_objective_beam_policy_grid/barenco_tof_3/mixed_pair/selected-shared-parity,/Users/caio/Deep-Learning/project/results/alphaq_objective_beam_policy_grid/barenco_tof_3/mixed_pair/selected-shared-parity/summary.json
barenco_tof_3,mixed_pair,selected-beam-shared-parity-w4,4,beam_shared_parity_network,greedy-cnot,max-change,23.0,5.0,178.0,56.0,0.7169811320754716,3.4901960784313726,4.8313725490196076,/Users/caio/Deep-Learning/project/results/alphaq_objective_beam_policy_grid/barenco_tof_3/mixed_pair/selected-beam-shared-parity-w4,/Users/caio/Deep-Learning/project/results/alphaq_objective_beam_policy_grid/barenco_tof_3/mixed_pair/selected-beam-shared-parity-w4/summary.json
barenco_tof_3,mixed_pair,selected-beam-shared-parity-w16,16,beam_shared_parity_network,greedy-cnot,max-change,23.0,5.0,173.0,46.0,0.6226415094339622,3.392156862745098,4.674509803921569,/Users/caio/Deep-Learning/project/results/alphaq_objective_beam_policy_grid/barenco_tof_3/mixed_pair/selected-beam-shared-parity-w16,/Users/caio/Deep-Learning/project/results/alphaq_objective_beam_policy_grid/barenco_tof_3/mixed_pair/selected-beam-shared-parity-w16/summary.json
nc_tof_3,factor_count,selected-shared-parity,,shared_parity_network,greedy-cnot,max-change,13.0,5.0,177.0,46.0,0.825,4.657894736842105,5.968421052631579,/Users/caio/Deep-Learning/project/results/alphaq_objective_beam_policy_grid/nc_tof_3/factor_count/selected-shared-parity,/Users/caio/Deep-Learning/project/results/alphaq_objective_beam_policy_grid/nc_tof_3/factor_count/selected-shared-parity/summary.json
nc_tof_3,factor_count,selected-beam-shared-parity-w4,4,beam_shared_parity_network,greedy-cnot,max-change,13.0,3.0,164.0,44.0,0.675,4.315789473684211,5.4526315789473685,/Users/caio/Deep-Learning/project/results/alphaq_objective_beam_policy_grid/nc_tof_3/factor_count/selected-beam-shared-parity-w4,/Users/caio/Deep-Learning/project/results/alphaq_objective_beam_policy_grid/nc_tof_3/factor_count/selected-beam-shared-parity-w4/summary.json
nc_tof_3,factor_count,selected-beam-shared-parity-w16,16,beam_shared_parity_network,greedy-cnot,max-change,13.0,3.0,164.0,46.0,0.7,4.315789473684211,5.4526315789473685,/Users/caio/Deep-Learning/project/results/alphaq_objective_beam_policy_grid/nc_tof_3/factor_count/selected-beam-shared-parity-w16,/Users/caio/Deep-Learning/project/results/alphaq_objective_beam_policy_grid/nc_tof_3/factor_count/selected-beam-shared-parity-w16/summary.json
nc_tof_3,factor_count_pair_cap,selected-shared-parity,,shared_parity_network,greedy-cnot,max-change,13.0,4.0,171.0,38.0,0.725,4.5,5.747368421052632,/Users/caio/Deep-Learning/project/results/alphaq_objective_beam_policy_grid/nc_tof_3/factor_count_pair_cap/selected-shared-parity,/Users/caio/Deep-Learning/project/results/alphaq_objective_beam_policy_grid/nc_tof_3/factor_count_pair_cap/selected-shared-parity/summary.json
nc_tof_3,factor_count_pair_cap,selected-beam-shared-parity-w4,4,beam_shared_parity_network,greedy-cnot,max-change,13.0,5.0,163.0,38.0,0.7,4.2894736842105265,5.4526315789473685,/Users/caio/Deep-Learning/project/results/alphaq_objective_beam_policy_grid/nc_tof_3/factor_count_pair_cap/selected-beam-shared-parity-w4,/Users/caio/Deep-Learning/project/results/alphaq_objective_beam_policy_grid/nc_tof_3/factor_count_pair_cap/selected-beam-shared-parity-w4/summary.json
nc_tof_3,factor_count_pair_cap,selected-beam-shared-parity-w16,16,beam_shared_parity_network,greedy-cnot,max-change,13.0,3.0,161.0,40.0,0.625,4.2368421052631575,5.378947368421053,/Users/caio/Deep-Learning/project/results/alphaq_objective_beam_policy_grid/nc_tof_3/factor_count_pair_cap/selected-beam-shared-parity-w16,/Users/caio/Deep-Learning/project/results/alphaq_objective_beam_policy_grid/nc_tof_3/factor_count_pair_cap/selected-beam-shared-parity-w16/summary.json
nc_tof_3,mixed_pair,selected-shared-parity,,shared_parity_network,greedy-cnot,max-change,17.0,5.0,186.0,38.0,0.875,4.894736842105263,6.042105263157895,/Users/caio/Deep-Learning/project/results/alphaq_objective_beam_policy_grid/nc_tof_3/mixed_pair/selected-shared-parity,/Users/caio/Deep-Learning/project/results/alphaq_objective_beam_policy_grid/nc_tof_3/mixed_pair/selected-shared-parity/summary.json
nc_tof_3,mixed_pair,selected-beam-shared-parity-w4,4,beam_shared_parity_network,greedy-cnot,max-change,17.0,4.0,170.0,30.0,0.675,4.473684210526316,5.4526315789473685,/Users/caio/Deep-Learning/project/results/alphaq_objective_beam_policy_grid/nc_tof_3/mixed_pair/selected-beam-shared-parity-w4,/Users/caio/Deep-Learning/project/results/alphaq_objective_beam_policy_grid/nc_tof_3/mixed_pair/selected-beam-shared-parity-w4/summary.json
nc_tof_3,mixed_pair,selected-beam-shared-parity-w16,16,beam_shared_parity_network,greedy-cnot,max-change,17.0,6.0,172.0,32.0,0.625,4.526315789473684,5.526315789473684,/Users/caio/Deep-Learning/project/results/alphaq_objective_beam_policy_grid/nc_tof_3/mixed_pair/selected-beam-shared-parity-w16,/Users/caio/Deep-Learning/project/results/alphaq_objective_beam_policy_grid/nc_tof_3/mixed_pair/selected-beam-shared-parity-w16/summary.json
cuccaro_adder_n3,factor_count,selected-shared-parity,,shared_parity_network,greedy-cnot,max-change,13.0,3.0,225.0,36.0,0.5844155844155844,3.0821917808219177,3.0684931506849313,/Users/caio/Deep-Learning/project/results/alphaq_objective_beam_policy_grid/cuccaro_adder_n3/factor_count/selected-shared-parity,/Users/caio/Deep-Learning/project/results/alphaq_objective_beam_policy_grid/cuccaro_adder_n3/factor_count/selected-shared-parity/summary.json
cuccaro_adder_n3,factor_count,selected-beam-shared-parity-w4,4,beam_shared_parity_network,greedy-cnot,max-change,13.0,6.0,212.0,32.0,0.5064935064935064,2.904109589041096,2.8649706457925634,/Users/caio/Deep-Learning/project/results/alphaq_objective_beam_policy_grid/cuccaro_adder_n3/factor_count/selected-beam-shared-parity-w4,/Users/caio/Deep-Learning/project/results/alphaq_objective_beam_policy_grid/cuccaro_adder_n3/factor_count/selected-beam-shared-parity-w4/summary.json
cuccaro_adder_n3,factor_count,selected-beam-shared-parity-w16,16,beam_shared_parity_network,greedy-cnot,max-change,13.0,3.0,211.0,30.0,0.4935064935064935,2.8904109589041096,2.8649706457925634,/Users/caio/Deep-Learning/project/results/alphaq_objective_beam_policy_grid/cuccaro_adder_n3/factor_count/selected-beam-shared-parity-w16,/Users/caio/Deep-Learning/project/results/alphaq_objective_beam_policy_grid/cuccaro_adder_n3/factor_count/selected-beam-shared-parity-w16/summary.json
cuccaro_adder_n3,factor_count_pair_cap,selected-shared-parity,,shared_parity_network,greedy-cnot,max-change,13.0,6.0,212.0,38.0,0.5974025974025974,2.904109589041096,2.943248532289628,/Users/caio/Deep-Learning/project/results/alphaq_objective_beam_policy_grid/cuccaro_adder_n3/factor_count_pair_cap/selected-shared-parity,/Users/caio/Deep-Learning/project/results/alphaq_objective_beam_policy_grid/cuccaro_adder_n3/factor_count_pair_cap/selected-shared-parity/summary.json
cuccaro_adder_n3,factor_count_pair_cap,selected-beam-shared-parity-w4,4,beam_shared_parity_network,greedy-cnot,max-change,13.0,4.0,203.0,40.0,0.5844155844155844,2.780821917808219,2.802348336594912,/Users/caio/Deep-Learning/project/results/alphaq_objective_beam_policy_grid/cuccaro_adder_n3/factor_count_pair_cap/selected-beam-shared-parity-w4,/Users/caio/Deep-Learning/project/results/alphaq_objective_beam_policy_grid/cuccaro_adder_n3/factor_count_pair_cap/selected-beam-shared-parity-w4/summary.json
cuccaro_adder_n3,factor_count_pair_cap,selected-beam-shared-parity-w16,16,beam_shared_parity_network,greedy-cnot,max-change,13.0,4.0,200.0,32.0,0.4805194805194805,2.73972602739726,2.755381604696673,/Users/caio/Deep-Learning/project/results/alphaq_objective_beam_policy_grid/cuccaro_adder_n3/factor_count_pair_cap/selected-beam-shared-parity-w16,/Users/caio/Deep-Learning/project/results/alphaq_objective_beam_policy_grid/cuccaro_adder_n3/factor_count_pair_cap/selected-beam-shared-parity-w16/summary.json
cuccaro_adder_n3,mixed_pair,selected-shared-parity,,shared_parity_network,greedy-cnot,max-change,19.0,5.0,223.0,52.0,0.7272727272727273,3.0547945205479454,3.131115459882583,/Users/caio/Deep-Learning/project/results/alphaq_objective_beam_policy_grid/cuccaro_adder_n3/mixed_pair/selected-shared-parity,/Users/caio/Deep-Learning/project/results/alphaq_objective_beam_policy_grid/cuccaro_adder_n3/mixed_pair/selected-shared-parity/summary.json
cuccaro_adder_n3,mixed_pair,selected-beam-shared-parity-w4,4,beam_shared_parity_network,greedy-cnot,max-change,19.0,5.0,206.0,40.0,0.6363636363636364,2.8219178082191783,2.8493150684931505,/Users/caio/Deep-Learning/project/results/alphaq_objective_beam_policy_grid/cuccaro_adder_n3/mixed_pair/selected-beam-shared-parity-w4,/Users/caio/Deep-Learning/project/results/alphaq_objective_beam_policy_grid/cuccaro_adder_n3/mixed_pair/selected-beam-shared-parity-w4/summary.json
cuccaro_adder_n3,mixed_pair,selected-beam-shared-parity-w16,16,beam_shared_parity_network,greedy-cnot,max-change,19.0,6.0,204.0,38.0,0.6233766233766234,2.7945205479452055,2.8180039138943247,/Users/caio/Deep-Learning/project/results/alphaq_objective_beam_policy_grid/cuccaro_adder_n3/mixed_pair/selected-beam-shared-parity-w16,/Users/caio/Deep-Learning/project/results/alphaq_objective_beam_policy_grid/cuccaro_adder_n3/mixed_pair/selected-beam-shared-parity-w16/summary.json
gf_2pow3_mult,factor_count,selected-shared-parity,,shared_parity_network,greedy-cnot,max-change,35.0,7.0,258.0,126.0,1.0208333333333333,3.185185185185185,1.4814814814814814,/Users/caio/Deep-Learning/project/results/alphaq_objective_beam_policy_grid/gf_2pow3_mult/factor_count/selected-shared-parity,/Users/caio/Deep-Learning/project/results/alphaq_objective_beam_policy_grid/gf_2pow3_mult/factor_count/selected-shared-parity/summary.json
gf_2pow3_mult,factor_count,selected-beam-shared-parity-w4,4,beam_shared_parity_network,greedy-cnot,max-change,35.0,5.0,201.0,116.0,0.8958333333333334,2.4814814814814814,0.7654320987654321,/Users/caio/Deep-Learning/project/results/alphaq_objective_beam_policy_grid/gf_2pow3_mult/factor_count/selected-beam-shared-parity-w4,/Users/caio/Deep-Learning/project/results/alphaq_objective_beam_policy_grid/gf_2pow3_mult/factor_count/selected-beam-shared-parity-w4/summary.json
gf_2pow3_mult,factor_count,selected-beam-shared-parity-w16,16,beam_shared_parity_network,greedy-cnot,max-change,35.0,6.0,198.0,114.0,0.8541666666666666,2.4444444444444446,0.7283950617283951,/Users/caio/Deep-Learning/project/results/alphaq_objective_beam_policy_grid/gf_2pow3_mult/factor_count/selected-beam-shared-parity-w16,/Users/caio/Deep-Learning/project/results/alphaq_objective_beam_policy_grid/gf_2pow3_mult/factor_count/selected-beam-shared-parity-w16/summary.json
gf_2pow3_mult,factor_count_pair_cap,selected-shared-parity,,shared_parity_network,greedy-cnot,max-change,33.0,8.0,266.0,120.0,1.0,3.2839506172839505,2.8641975308641974,/Users/caio/Deep-Learning/project/results/alphaq_objective_beam_policy_grid/gf_2pow3_mult/factor_count_pair_cap/selected-shared-parity,/Users/caio/Deep-Learning/project/results/alphaq_objective_beam_policy_grid/gf_2pow3_mult/factor_count_pair_cap/selected-shared-parity/summary.json
gf_2pow3_mult,factor_count_pair_cap,selected-beam-shared-parity-w4,4,beam_shared_parity_network,greedy-cnot,max-change,33.0,6.0,203.0,120.0,0.8958333333333334,2.506172839506173,2.0987654320987654,/Users/caio/Deep-Learning/project/results/alphaq_objective_beam_policy_grid/gf_2pow3_mult/factor_count_pair_cap/selected-beam-shared-parity-w4,/Users/caio/Deep-Learning/project/results/alphaq_objective_beam_policy_grid/gf_2pow3_mult/factor_count_pair_cap/selected-beam-shared-parity-w4/summary.json
gf_2pow3_mult,factor_count_pair_cap,selected-beam-shared-parity-w16,16,beam_shared_parity_network,greedy-cnot,max-change,33.0,6.0,200.0,124.0,0.9270833333333334,2.4691358024691357,2.049382716049383,/Users/caio/Deep-Learning/project/results/alphaq_objective_beam_policy_grid/gf_2pow3_mult/factor_count_pair_cap/selected-beam-shared-parity-w16,/Users/caio/Deep-Learning/project/results/alphaq_objective_beam_policy_grid/gf_2pow3_mult/factor_count_pair_cap/selected-beam-shared-parity-w16/summary.json
gf_2pow3_mult,mixed_pair,selected-shared-parity,,shared_parity_network,greedy-cnot,max-change,35.0,5.0,235.0,116.0,0.8541666666666666,2.9012345679012346,2.506172839506173,/Users/caio/Deep-Learning/project/results/alphaq_objective_beam_policy_grid/gf_2pow3_mult/mixed_pair/selected-shared-parity,/Users/caio/Deep-Learning/project/results/alphaq_objective_beam_policy_grid/gf_2pow3_mult/mixed_pair/selected-shared-parity/summary.json
gf_2pow3_mult,mixed_pair,selected-beam-shared-parity-w4,4,beam_shared_parity_network,greedy-cnot,max-change,35.0,6.0,192.0,106.0,0.8020833333333334,2.3703703703703702,1.9753086419753085,/Users/caio/Deep-Learning/project/results/alphaq_objective_beam_policy_grid/gf_2pow3_mult/mixed_pair/selected-beam-shared-parity-w4,/Users/caio/Deep-Learning/project/results/alphaq_objective_beam_policy_grid/gf_2pow3_mult/mixed_pair/selected-beam-shared-parity-w4/summary.json
gf_2pow3_mult,mixed_pair,selected-beam-shared-parity-w16,16,beam_shared_parity_network,greedy-cnot,max-change,35.0,6.0,191.0,98.0,0.7395833333333334,2.3580246913580245,1.962962962962963,/Users/caio/Deep-Learning/project/results/alphaq_objective_beam_policy_grid/gf_2pow3_mult/mixed_pair/selected-beam-shared-parity-w16,/Users/caio/Deep-Learning/project/results/alphaq_objective_beam_policy_grid/gf_2pow3_mult/mixed_pair/selected-beam-shared-parity-w16/summary.json
