policy,source_split,target,selection_status,selected_objective,oracle_objective,exact_oracle_match,selected_tcount,selected_primary_nc_depth_ratio,selected_qasm_depth,selected_runtime_sec,baseline_tcount,baseline_primary_nc_depth_ratio,baseline_qasm_depth,baseline_runtime_sec,oracle_tcount,oracle_primary_nc_depth_ratio,oracle_qasm_depth,oracle_runtime_sec,tcount_ratio_vs_baseline,primary_ratio_vs_baseline,qasm_ratio_vs_baseline,runtime_ratio_vs_baseline,tcount_ratio_vs_oracle,qasm_ratio_vs_oracle
baseline_factor_count,internal,barenco_tof_3,ok,factor_count,factor_count,True,13.0,0.39622641509433965,162.0,,13.0,0.39622641509433965,162.0,,13.0,0.39622641509433965,162.0,,1.0,1.0,1.0,,1.0,1.0
best_fixed_loto,internal,barenco_tof_3,ok,factor_count,factor_count,True,13.0,0.39622641509433965,162.0,,13.0,0.39622641509433965,162.0,,13.0,0.39622641509433965,162.0,,1.0,1.0,1.0,,1.0,1.0
circuit_1nn,internal,barenco_tof_3,ok,factor_count_pair_cap,factor_count,False,13.0,0.4528301886792453,162.0,,13.0,0.39622641509433965,162.0,,13.0,0.39622641509433965,162.0,,1.0,1.1428571428571428,1.0,,1.0,1.0
circuit_knn3,internal,barenco_tof_3,ok,factor_count_pair_cap,factor_count,False,13.0,0.4528301886792453,162.0,,13.0,0.39622641509433965,162.0,,13.0,0.39622641509433965,162.0,,1.0,1.1428571428571428,1.0,,1.0,1.0
circuit_nearest_centroid,internal,barenco_tof_3,ok,mixed_pair,factor_count,False,23.0,0.6226415094339622,173.0,,13.0,0.39622641509433965,162.0,,13.0,0.39622641509433965,162.0,,1.7692307692307692,1.5714285714285712,1.0679012345679013,,1.7692307692307692,1.0679012345679013
circuit_softmax,internal,barenco_tof_3,ok,factor_count_pair_cap,factor_count,False,13.0,0.4528301886792453,162.0,,13.0,0.39622641509433965,162.0,,13.0,0.39622641509433965,162.0,,1.0,1.1428571428571428,1.0,,1.0,1.0
shuffled_centroid_control,internal,barenco_tof_3,missing-selected-objective,frontier_pair,factor_count,,,,,,,,,,,,,,,,,,,
oracle_posthoc,internal,barenco_tof_3,ok,factor_count,factor_count,True,13.0,0.39622641509433965,162.0,,13.0,0.39622641509433965,162.0,,13.0,0.39622641509433965,162.0,,1.0,1.0,1.0,,1.0,1.0
baseline_factor_count,external_night_long,barenco_tof_4,ok,factor_count,mixed_pair,False,64.0,,298.0,,64.0,,298.0,,42.0,,266.0,,1.0,,1.0,,1.5238095238095237,1.1203007518796992
best_fixed_loto,external_night_long,barenco_tof_4,ok,factor_count,mixed_pair,False,64.0,,298.0,,64.0,,298.0,,42.0,,266.0,,1.0,,1.0,,1.5238095238095237,1.1203007518796992
circuit_1nn,external_night_long,barenco_tof_4,missing-selected-objective,factor_count_pair_cap,mixed_pair,,,,,,,,,,,,,,,,,,,
circuit_knn3,external_night_long,barenco_tof_4,ok,factor_count,mixed_pair,False,64.0,,298.0,,64.0,,298.0,,42.0,,266.0,,1.0,,1.0,,1.5238095238095237,1.1203007518796992
circuit_nearest_centroid,external_night_long,barenco_tof_4,missing-selected-objective,frontier_pair,mixed_pair,,,,,,,,,,,,,,,,,,,
circuit_softmax,external_night_long,barenco_tof_4,missing-selected-objective,factor_count_pair_cap,mixed_pair,,,,,,,,,,,,,,,,,,,
shuffled_centroid_control,external_night_long,barenco_tof_4,ok,factor_count,mixed_pair,False,64.0,,298.0,,64.0,,298.0,,42.0,,266.0,,1.0,,1.0,,1.5238095238095237,1.1203007518796992
oracle_posthoc,external_night_long,barenco_tof_4,ok,mixed_pair,mixed_pair,True,42.0,,266.0,,64.0,,298.0,,42.0,,266.0,,0.65625,,0.8926174496644296,,1.0,1.0
baseline_factor_count,external_article_repair2_barenco,barenco_tof_4,ok,factor_count,mixed_pair,False,64.0,0.9611650485436893,298.0,3185.7794559879694,64.0,0.9611650485436893,298.0,3185.7794559879694,42.0,0.7087378640776699,266.0,2703.4073159536347,1.0,1.0,1.0,1.0,1.5238095238095237,1.1203007518796992
best_fixed_loto,external_article_repair2_barenco,barenco_tof_4,ok,factor_count,mixed_pair,False,64.0,0.9611650485436893,298.0,3185.7794559879694,64.0,0.9611650485436893,298.0,3185.7794559879694,42.0,0.7087378640776699,266.0,2703.4073159536347,1.0,1.0,1.0,1.0,1.5238095238095237,1.1203007518796992
circuit_1nn,external_article_repair2_barenco,barenco_tof_4,missing-selected-objective,factor_count_pair_cap,mixed_pair,,,,,,,,,,,,,,,,,,,
circuit_knn3,external_article_repair2_barenco,barenco_tof_4,ok,factor_count,mixed_pair,False,64.0,0.9611650485436893,298.0,3185.7794559879694,64.0,0.9611650485436893,298.0,3185.7794559879694,42.0,0.7087378640776699,266.0,2703.4073159536347,1.0,1.0,1.0,1.0,1.5238095238095237,1.1203007518796992
circuit_nearest_centroid,external_article_repair2_barenco,barenco_tof_4,missing-selected-objective,frontier_pair,mixed_pair,,,,,,,,,,,,,,,,,,,
circuit_softmax,external_article_repair2_barenco,barenco_tof_4,missing-selected-objective,factor_count_pair_cap,mixed_pair,,,,,,,,,,,,,,,,,,,
shuffled_centroid_control,external_article_repair2_barenco,barenco_tof_4,missing-selected-objective,factor_count_pair_cap,mixed_pair,,,,,,,,,,,,,,,,,,,
oracle_posthoc,external_article_repair2_barenco,barenco_tof_4,ok,mixed_pair,mixed_pair,True,42.0,0.7087378640776699,266.0,2703.4073159536347,64.0,0.9611650485436893,298.0,3185.7794559879694,42.0,0.7087378640776699,266.0,2703.4073159536347,0.65625,0.7373737373737373,0.8926174496644296,0.8485858337972293,1.0,1.0
baseline_factor_count,internal,cuccaro_adder_n3,ok,factor_count,factor_count_pair_cap,False,13.0,0.4935064935064935,211.0,,13.0,0.4935064935064935,211.0,,13.0,0.4805194805194805,200.0,,1.0,1.0,1.0,,1.0,1.055
best_fixed_loto,internal,cuccaro_adder_n3,ok,factor_count,factor_count_pair_cap,False,13.0,0.4935064935064935,211.0,,13.0,0.4935064935064935,211.0,,13.0,0.4805194805194805,200.0,,1.0,1.0,1.0,,1.0,1.055
circuit_1nn,internal,cuccaro_adder_n3,ok,factor_count,factor_count_pair_cap,False,13.0,0.4935064935064935,211.0,,13.0,0.4935064935064935,211.0,,13.0,0.4805194805194805,200.0,,1.0,1.0,1.0,,1.0,1.055
circuit_knn3,internal,cuccaro_adder_n3,ok,factor_count,factor_count_pair_cap,False,13.0,0.4935064935064935,211.0,,13.0,0.4935064935064935,211.0,,13.0,0.4805194805194805,200.0,,1.0,1.0,1.0,,1.0,1.055
circuit_nearest_centroid,internal,cuccaro_adder_n3,ok,mixed_pair,factor_count_pair_cap,False,19.0,0.6233766233766234,204.0,,13.0,0.4935064935064935,211.0,,13.0,0.4805194805194805,200.0,,1.4615384615384615,1.263157894736842,0.966824644549763,,1.4615384615384615,1.02
circuit_softmax,internal,cuccaro_adder_n3,ok,factor_count_pair_cap,factor_count_pair_cap,True,13.0,0.4805194805194805,200.0,,13.0,0.4935064935064935,211.0,,13.0,0.4805194805194805,200.0,,1.0,0.9736842105263158,0.9478672985781991,,1.0,1.0
shuffled_centroid_control,internal,cuccaro_adder_n3,ok,factor_count_pair_cap,factor_count_pair_cap,True,13.0,0.4805194805194805,200.0,,13.0,0.4935064935064935,211.0,,13.0,0.4805194805194805,200.0,,1.0,0.9736842105263158,0.9478672985781991,,1.0,1.0
oracle_posthoc,internal,cuccaro_adder_n3,ok,factor_count_pair_cap,factor_count_pair_cap,True,13.0,0.4805194805194805,200.0,,13.0,0.4935064935064935,211.0,,13.0,0.4805194805194805,200.0,,1.0,0.9736842105263158,0.9478672985781991,,1.0,1.0
baseline_factor_count,external_article_extended,cuccaro_adder_n4,ok,factor_count,factor_count_pair_cap,False,32.0,0.6274509803921569,259.0,,32.0,0.6274509803921569,259.0,,24.0,0.5098039215686274,254.0,,1.0,1.0,1.0,,1.3333333333333333,1.0196850393700787
best_fixed_loto,external_article_extended,cuccaro_adder_n4,ok,factor_count,factor_count_pair_cap,False,32.0,0.6274509803921569,259.0,,32.0,0.6274509803921569,259.0,,24.0,0.5098039215686274,254.0,,1.0,1.0,1.0,,1.3333333333333333,1.0196850393700787
circuit_1nn,external_article_extended,cuccaro_adder_n4,ok,mixed_pair,factor_count_pair_cap,False,32.0,0.5588235294117647,251.0,,32.0,0.6274509803921569,259.0,,24.0,0.5098039215686274,254.0,,1.0,0.890625,0.9691119691119691,,1.3333333333333333,0.9881889763779528
circuit_knn3,external_article_extended,cuccaro_adder_n4,ok,mixed_pair,factor_count_pair_cap,False,32.0,0.5588235294117647,251.0,,32.0,0.6274509803921569,259.0,,24.0,0.5098039215686274,254.0,,1.0,0.890625,0.9691119691119691,,1.3333333333333333,0.9881889763779528
circuit_nearest_centroid,external_article_extended,cuccaro_adder_n4,ok,frontier_pair,factor_count_pair_cap,False,43.0,0.6176470588235294,257.0,,32.0,0.6274509803921569,259.0,,24.0,0.5098039215686274,254.0,,1.34375,0.984375,0.9922779922779923,,1.7916666666666667,1.0118110236220472
circuit_softmax,external_article_extended,cuccaro_adder_n4,ok,factor_count_pair_cap,factor_count_pair_cap,True,24.0,0.5098039215686274,254.0,,32.0,0.6274509803921569,259.0,,24.0,0.5098039215686274,254.0,,0.75,0.8125,0.9806949806949807,,1.0,1.0
shuffled_centroid_control,external_article_extended,cuccaro_adder_n4,ok,factor_count,factor_count_pair_cap,False,32.0,0.6274509803921569,259.0,,32.0,0.6274509803921569,259.0,,24.0,0.5098039215686274,254.0,,1.0,1.0,1.0,,1.3333333333333333,1.0196850393700787
oracle_posthoc,external_article_extended,cuccaro_adder_n4,ok,factor_count_pair_cap,factor_count_pair_cap,True,24.0,0.5098039215686274,254.0,,32.0,0.6274509803921569,259.0,,24.0,0.5098039215686274,254.0,,0.75,0.8125,0.9806949806949807,,1.0,1.0
baseline_factor_count,external_journal_full_cuccaro_adder_n4,cuccaro_adder_n4,ok,factor_count,factor_count,True,23.0,,241.0,,23.0,,241.0,,23.0,,241.0,,1.0,,1.0,,1.0,1.0
best_fixed_loto,external_journal_full_cuccaro_adder_n4,cuccaro_adder_n4,ok,factor_count,factor_count,True,23.0,,241.0,,23.0,,241.0,,23.0,,241.0,,1.0,,1.0,,1.0,1.0
circuit_1nn,external_journal_full_cuccaro_adder_n4,cuccaro_adder_n4,ok,mixed_pair,factor_count,False,32.0,,252.0,,23.0,,241.0,,23.0,,241.0,,1.391304347826087,,1.045643153526971,,1.391304347826087,1.045643153526971
circuit_knn3,external_journal_full_cuccaro_adder_n4,cuccaro_adder_n4,ok,mixed_pair,factor_count,False,32.0,,252.0,,23.0,,241.0,,23.0,,241.0,,1.391304347826087,,1.045643153526971,,1.391304347826087,1.045643153526971
circuit_nearest_centroid,external_journal_full_cuccaro_adder_n4,cuccaro_adder_n4,missing-selected-objective,frontier_pair,factor_count,,,,,,,,,,,,,,,,,,,
circuit_softmax,external_journal_full_cuccaro_adder_n4,cuccaro_adder_n4,ok,factor_count_pair_cap,factor_count,False,23.0,,251.0,,23.0,,241.0,,23.0,,241.0,,1.0,,1.04149377593361,,1.0,1.04149377593361
shuffled_centroid_control,external_journal_full_cuccaro_adder_n4,cuccaro_adder_n4,ok,factor_count_pair_cap,factor_count,False,23.0,,251.0,,23.0,,241.0,,23.0,,241.0,,1.0,,1.04149377593361,,1.0,1.04149377593361
oracle_posthoc,external_journal_full_cuccaro_adder_n4,cuccaro_adder_n4,ok,factor_count,factor_count,True,23.0,,241.0,,23.0,,241.0,,23.0,,241.0,,1.0,,1.0,,1.0,1.0
baseline_factor_count,internal,gf_2pow2_mult,ok,factor_count,mixed_pair,False,17.0,0.8181818181818182,107.0,,17.0,0.8181818181818182,107.0,,17.0,0.8409090909090909,99.0,,1.0,1.0,1.0,,1.0,1.0808080808080809
best_fixed_loto,internal,gf_2pow2_mult,ok,factor_count,mixed_pair,False,17.0,0.8181818181818182,107.0,,17.0,0.8181818181818182,107.0,,17.0,0.8409090909090909,99.0,,1.0,1.0,1.0,,1.0,1.0808080808080809
circuit_1nn,internal,gf_2pow2_mult,ok,factor_count,mixed_pair,False,17.0,0.8181818181818182,107.0,,17.0,0.8181818181818182,107.0,,17.0,0.8409090909090909,99.0,,1.0,1.0,1.0,,1.0,1.0808080808080809
circuit_knn3,internal,gf_2pow2_mult,ok,factor_count,mixed_pair,False,17.0,0.8181818181818182,107.0,,17.0,0.8181818181818182,107.0,,17.0,0.8409090909090909,99.0,,1.0,1.0,1.0,,1.0,1.0808080808080809
circuit_nearest_centroid,internal,gf_2pow2_mult,ok,factor_count_pair_cap,mixed_pair,False,17.0,0.7272727272727273,103.0,,17.0,0.8181818181818182,107.0,,17.0,0.8409090909090909,99.0,,1.0,0.8888888888888888,0.9626168224299065,,1.0,1.0404040404040404
circuit_softmax,internal,gf_2pow2_mult,ok,factor_count,mixed_pair,False,17.0,0.8181818181818182,107.0,,17.0,0.8181818181818182,107.0,,17.0,0.8409090909090909,99.0,,1.0,1.0,1.0,,1.0,1.0808080808080809
shuffled_centroid_control,internal,gf_2pow2_mult,ok,factor_count,mixed_pair,False,17.0,0.8181818181818182,107.0,,17.0,0.8181818181818182,107.0,,17.0,0.8409090909090909,99.0,,1.0,1.0,1.0,,1.0,1.0808080808080809
oracle_posthoc,internal,gf_2pow2_mult,ok,mixed_pair,mixed_pair,True,17.0,0.8409090909090909,99.0,,17.0,0.8181818181818182,107.0,,17.0,0.8409090909090909,99.0,,1.0,1.0277777777777777,0.9252336448598131,,1.0,1.0
baseline_factor_count,external_article_core,gf_2pow2_mult,ok,factor_count,factor_count,True,17.0,0.8636363636363636,97.0,,17.0,0.8636363636363636,97.0,,17.0,0.8636363636363636,97.0,,1.0,1.0,1.0,,1.0,1.0
best_fixed_loto,external_article_core,gf_2pow2_mult,ok,factor_count,factor_count,True,17.0,0.8636363636363636,97.0,,17.0,0.8636363636363636,97.0,,17.0,0.8636363636363636,97.0,,1.0,1.0,1.0,,1.0,1.0
circuit_1nn,external_article_core,gf_2pow2_mult,ok,factor_count,factor_count,True,17.0,0.8636363636363636,97.0,,17.0,0.8636363636363636,97.0,,17.0,0.8636363636363636,97.0,,1.0,1.0,1.0,,1.0,1.0
circuit_knn3,external_article_core,gf_2pow2_mult,ok,factor_count,factor_count,True,17.0,0.8636363636363636,97.0,,17.0,0.8636363636363636,97.0,,17.0,0.8636363636363636,97.0,,1.0,1.0,1.0,,1.0,1.0
circuit_nearest_centroid,external_article_core,gf_2pow2_mult,ok,factor_count_pair_cap,factor_count,False,17.0,0.9318181818181818,99.0,,17.0,0.8636363636363636,97.0,,17.0,0.8636363636363636,97.0,,1.0,1.0789473684210527,1.0206185567010309,,1.0,1.0206185567010309
circuit_softmax,external_article_core,gf_2pow2_mult,ok,factor_count,factor_count,True,17.0,0.8636363636363636,97.0,,17.0,0.8636363636363636,97.0,,17.0,0.8636363636363636,97.0,,1.0,1.0,1.0,,1.0,1.0
shuffled_centroid_control,external_article_core,gf_2pow2_mult,ok,factor_count_pair_cap,factor_count,False,17.0,0.9318181818181818,99.0,,17.0,0.8636363636363636,97.0,,17.0,0.8636363636363636,97.0,,1.0,1.0789473684210527,1.0206185567010309,,1.0,1.0206185567010309
oracle_posthoc,external_article_core,gf_2pow2_mult,ok,factor_count,factor_count,True,17.0,0.8636363636363636,97.0,,17.0,0.8636363636363636,97.0,,17.0,0.8636363636363636,97.0,,1.0,1.0,1.0,,1.0,1.0
baseline_factor_count,internal,gf_2pow3_mult,ok,factor_count,factor_count_pair_cap,False,35.0,0.8541666666666666,198.0,,35.0,0.8541666666666666,198.0,,33.0,0.9270833333333334,200.0,,1.0,1.0,1.0,,1.0606060606060606,0.99
best_fixed_loto,internal,gf_2pow3_mult,ok,factor_count,factor_count_pair_cap,False,35.0,0.8541666666666666,198.0,,35.0,0.8541666666666666,198.0,,33.0,0.9270833333333334,200.0,,1.0,1.0,1.0,,1.0606060606060606,0.99
circuit_1nn,internal,gf_2pow3_mult,ok,mixed_pair,factor_count_pair_cap,False,35.0,0.7395833333333334,191.0,,35.0,0.8541666666666666,198.0,,33.0,0.9270833333333334,200.0,,1.0,0.8658536585365855,0.9646464646464646,,1.0606060606060606,0.955
circuit_knn3,internal,gf_2pow3_mult,ok,factor_count,factor_count_pair_cap,False,35.0,0.8541666666666666,198.0,,35.0,0.8541666666666666,198.0,,33.0,0.9270833333333334,200.0,,1.0,1.0,1.0,,1.0606060606060606,0.99
circuit_nearest_centroid,internal,gf_2pow3_mult,ok,factor_count,factor_count_pair_cap,False,35.0,0.8541666666666666,198.0,,35.0,0.8541666666666666,198.0,,33.0,0.9270833333333334,200.0,,1.0,1.0,1.0,,1.0606060606060606,0.99
circuit_softmax,internal,gf_2pow3_mult,ok,factor_count,factor_count_pair_cap,False,35.0,0.8541666666666666,198.0,,35.0,0.8541666666666666,198.0,,33.0,0.9270833333333334,200.0,,1.0,1.0,1.0,,1.0606060606060606,0.99
shuffled_centroid_control,internal,gf_2pow3_mult,missing-selected-objective,frontier_pair,factor_count_pair_cap,,,,,,,,,,,,,,,,,,,
oracle_posthoc,internal,gf_2pow3_mult,ok,factor_count_pair_cap,factor_count_pair_cap,True,33.0,0.9270833333333334,200.0,,35.0,0.8541666666666666,198.0,,33.0,0.9270833333333334,200.0,,0.9428571428571428,1.0853658536585367,1.0101010101010102,,1.0,1.0
baseline_factor_count,external_article_extended,gf_2pow4_mult,ok,factor_count,factor_count_pair_cap,False,58.0,0.7553191489361702,461.0,,58.0,0.7553191489361702,461.0,,56.0,0.7393617021276596,462.0,,1.0,1.0,1.0,,1.0357142857142858,0.9978354978354979
best_fixed_loto,external_article_extended,gf_2pow4_mult,ok,factor_count,factor_count_pair_cap,False,58.0,0.7553191489361702,461.0,,58.0,0.7553191489361702,461.0,,56.0,0.7393617021276596,462.0,,1.0,1.0,1.0,,1.0357142857142858,0.9978354978354979
circuit_1nn,external_article_extended,gf_2pow4_mult,ok,factor_count_pair_cap,factor_count_pair_cap,True,56.0,0.7393617021276596,462.0,,58.0,0.7553191489361702,461.0,,56.0,0.7393617021276596,462.0,,0.9655172413793104,0.9788732394366197,1.002169197396963,,1.0,1.0
circuit_knn3,external_article_extended,gf_2pow4_mult,ok,mixed_pair,factor_count_pair_cap,False,63.0,0.7021276595744681,452.0,,58.0,0.7553191489361702,461.0,,56.0,0.7393617021276596,462.0,,1.0862068965517242,0.9295774647887324,0.9804772234273319,,1.125,0.9783549783549783
circuit_nearest_centroid,external_article_extended,gf_2pow4_mult,ok,factor_count,factor_count_pair_cap,False,58.0,0.7553191489361702,461.0,,58.0,0.7553191489361702,461.0,,56.0,0.7393617021276596,462.0,,1.0,1.0,1.0,,1.0357142857142858,0.9978354978354979
circuit_softmax,external_article_extended,gf_2pow4_mult,ok,factor_count,factor_count_pair_cap,False,58.0,0.7553191489361702,461.0,,58.0,0.7553191489361702,461.0,,56.0,0.7393617021276596,462.0,,1.0,1.0,1.0,,1.0357142857142858,0.9978354978354979
shuffled_centroid_control,external_article_extended,gf_2pow4_mult,ok,factor_count,factor_count_pair_cap,False,58.0,0.7553191489361702,461.0,,58.0,0.7553191489361702,461.0,,56.0,0.7393617021276596,462.0,,1.0,1.0,1.0,,1.0357142857142858,0.9978354978354979
oracle_posthoc,external_article_extended,gf_2pow4_mult,ok,factor_count_pair_cap,factor_count_pair_cap,True,56.0,0.7393617021276596,462.0,,58.0,0.7553191489361702,461.0,,56.0,0.7393617021276596,462.0,,0.9655172413793104,0.9788732394366197,1.002169197396963,,1.0,1.0
baseline_factor_count,external_journal_full_gf_2pow4_mult,gf_2pow4_mult,ok,factor_count,factor_count_pair_cap,False,57.0,,461.0,,57.0,,461.0,,55.0,,462.0,,1.0,,1.0,,1.0363636363636364,0.9978354978354979
best_fixed_loto,external_journal_full_gf_2pow4_mult,gf_2pow4_mult,ok,factor_count,factor_count_pair_cap,False,57.0,,461.0,,57.0,,461.0,,55.0,,462.0,,1.0,,1.0,,1.0363636363636364,0.9978354978354979
circuit_1nn,external_journal_full_gf_2pow4_mult,gf_2pow4_mult,ok,factor_count_pair_cap,factor_count_pair_cap,True,55.0,,462.0,,57.0,,461.0,,55.0,,462.0,,0.9649122807017544,,1.002169197396963,,1.0,1.0
circuit_knn3,external_journal_full_gf_2pow4_mult,gf_2pow4_mult,ok,mixed_pair,factor_count_pair_cap,False,63.0,,452.0,,57.0,,461.0,,55.0,,462.0,,1.105263157894737,,0.9804772234273319,,1.1454545454545455,0.9783549783549783
circuit_nearest_centroid,external_journal_full_gf_2pow4_mult,gf_2pow4_mult,ok,factor_count,factor_count_pair_cap,False,57.0,,461.0,,57.0,,461.0,,55.0,,462.0,,1.0,,1.0,,1.0363636363636364,0.9978354978354979
circuit_softmax,external_journal_full_gf_2pow4_mult,gf_2pow4_mult,ok,factor_count,factor_count_pair_cap,False,57.0,,461.0,,57.0,,461.0,,55.0,,462.0,,1.0,,1.0,,1.0363636363636364,0.9978354978354979
shuffled_centroid_control,external_journal_full_gf_2pow4_mult,gf_2pow4_mult,ok,factor_count_pair_cap,factor_count_pair_cap,True,55.0,,462.0,,57.0,,461.0,,55.0,,462.0,,0.9649122807017544,,1.002169197396963,,1.0,1.0
oracle_posthoc,external_journal_full_gf_2pow4_mult,gf_2pow4_mult,ok,factor_count_pair_cap,factor_count_pair_cap,True,55.0,,462.0,,57.0,,461.0,,55.0,,462.0,,0.9649122807017544,,1.002169197396963,,1.0,1.0
baseline_factor_count,external_journal_full_gf_2pow5_mult_long,gf_2pow5_mult,ok,factor_count,factor_count,True,163.0,1.1535836177474403,718.0,3072.148057948798,163.0,1.1535836177474403,718.0,3072.148057948798,163.0,1.1535836177474403,718.0,3072.148057948798,1.0,1.0,1.0,1.0,1.0,1.0
best_fixed_loto,external_journal_full_gf_2pow5_mult_long,gf_2pow5_mult,ok,factor_count,factor_count,True,163.0,1.1535836177474403,718.0,3072.148057948798,163.0,1.1535836177474403,718.0,3072.148057948798,163.0,1.1535836177474403,718.0,3072.148057948798,1.0,1.0,1.0,1.0,1.0,1.0
circuit_1nn,external_journal_full_gf_2pow5_mult_long,gf_2pow5_mult,ok,factor_count,factor_count,True,163.0,1.1535836177474403,718.0,3072.148057948798,163.0,1.1535836177474403,718.0,3072.148057948798,163.0,1.1535836177474403,718.0,3072.148057948798,1.0,1.0,1.0,1.0,1.0,1.0
circuit_knn3,external_journal_full_gf_2pow5_mult_long,gf_2pow5_mult,ok,factor_count,factor_count,True,163.0,1.1535836177474403,718.0,3072.148057948798,163.0,1.1535836177474403,718.0,3072.148057948798,163.0,1.1535836177474403,718.0,3072.148057948798,1.0,1.0,1.0,1.0,1.0,1.0
circuit_nearest_centroid,external_journal_full_gf_2pow5_mult_long,gf_2pow5_mult,ok,frontier_pair,factor_count,False,163.0,1.1535836177474403,718.0,3157.2450209718663,163.0,1.1535836177474403,718.0,3072.148057948798,163.0,1.1535836177474403,718.0,3072.148057948798,1.0,1.0,1.0,1.0276994993138078,1.0,1.0
circuit_softmax,external_journal_full_gf_2pow5_mult_long,gf_2pow5_mult,missing-selected-objective,factor_count_pair_cap,factor_count,,,,,,,,,,,,,,,,,,,
shuffled_centroid_control,external_journal_full_gf_2pow5_mult_long,gf_2pow5_mult,missing-selected-objective,mixed_pair,factor_count,,,,,,,,,,,,,,,,,,,
oracle_posthoc,external_journal_full_gf_2pow5_mult_long,gf_2pow5_mult,ok,factor_count,factor_count,True,163.0,1.1535836177474403,718.0,3072.148057948798,163.0,1.1535836177474403,718.0,3072.148057948798,163.0,1.1535836177474403,718.0,3072.148057948798,1.0,1.0,1.0,1.0,1.0,1.0
baseline_factor_count,internal,hamming_weight_n4,ok,factor_count,mixed_pair,False,23.0,1.162162162162162,179.0,,23.0,1.162162162162162,179.0,,20.0,0.8108108108108109,173.0,,1.0,1.0,1.0,,1.15,1.0346820809248556
best_fixed_loto,internal,hamming_weight_n4,ok,factor_count,mixed_pair,False,23.0,1.162162162162162,179.0,,23.0,1.162162162162162,179.0,,20.0,0.8108108108108109,173.0,,1.0,1.0,1.0,,1.15,1.0346820809248556
circuit_1nn,internal,hamming_weight_n4,ok,factor_count_pair_cap,mixed_pair,False,21.0,0.972972972972973,165.0,,23.0,1.162162162162162,179.0,,20.0,0.8108108108108109,173.0,,0.9130434782608695,0.8372093023255816,0.9217877094972067,,1.05,0.953757225433526
circuit_knn3,internal,hamming_weight_n4,ok,factor_count,mixed_pair,False,23.0,1.162162162162162,179.0,,23.0,1.162162162162162,179.0,,20.0,0.8108108108108109,173.0,,1.0,1.0,1.0,,1.15,1.0346820809248556
circuit_nearest_centroid,internal,hamming_weight_n4,ok,mixed_pair,mixed_pair,True,20.0,0.8108108108108109,173.0,,23.0,1.162162162162162,179.0,,20.0,0.8108108108108109,173.0,,0.8695652173913043,0.6976744186046513,0.9664804469273743,,1.0,1.0
circuit_softmax,internal,hamming_weight_n4,ok,factor_count,mixed_pair,False,23.0,1.162162162162162,179.0,,23.0,1.162162162162162,179.0,,20.0,0.8108108108108109,173.0,,1.0,1.0,1.0,,1.15,1.0346820809248556
shuffled_centroid_control,internal,hamming_weight_n4,ok,factor_count,mixed_pair,False,23.0,1.162162162162162,179.0,,23.0,1.162162162162162,179.0,,20.0,0.8108108108108109,173.0,,1.0,1.0,1.0,,1.15,1.0346820809248556
oracle_posthoc,internal,hamming_weight_n4,ok,mixed_pair,mixed_pair,True,20.0,0.8108108108108109,173.0,,23.0,1.162162162162162,179.0,,20.0,0.8108108108108109,173.0,,0.8695652173913043,0.6976744186046513,0.9664804469273743,,1.0,1.0
baseline_factor_count,external_article_core,hamming_weight_n4,ok,factor_count,factor_count,True,19.0,0.9459459459459459,164.0,,19.0,0.9459459459459459,164.0,,19.0,0.9459459459459459,164.0,,1.0,1.0,1.0,,1.0,1.0
best_fixed_loto,external_article_core,hamming_weight_n4,ok,factor_count,factor_count,True,19.0,0.9459459459459459,164.0,,19.0,0.9459459459459459,164.0,,19.0,0.9459459459459459,164.0,,1.0,1.0,1.0,,1.0,1.0
circuit_1nn,external_article_core,hamming_weight_n4,ok,factor_count_pair_cap,factor_count,False,19.0,0.7567567567567568,167.0,,19.0,0.9459459459459459,164.0,,19.0,0.9459459459459459,164.0,,1.0,0.8,1.0182926829268293,,1.0,1.0182926829268293
circuit_knn3,external_article_core,hamming_weight_n4,ok,factor_count,factor_count,True,19.0,0.9459459459459459,164.0,,19.0,0.9459459459459459,164.0,,19.0,0.9459459459459459,164.0,,1.0,1.0,1.0,,1.0,1.0
circuit_nearest_centroid,external_article_core,hamming_weight_n4,ok,mixed_pair,factor_count,False,20.0,0.8648648648648649,170.0,,19.0,0.9459459459459459,164.0,,19.0,0.9459459459459459,164.0,,1.0526315789473684,0.9142857142857144,1.0365853658536586,,1.0526315789473684,1.0365853658536586
circuit_softmax,external_article_core,hamming_weight_n4,ok,factor_count,factor_count,True,19.0,0.9459459459459459,164.0,,19.0,0.9459459459459459,164.0,,19.0,0.9459459459459459,164.0,,1.0,1.0,1.0,,1.0,1.0
shuffled_centroid_control,external_article_core,hamming_weight_n4,ok,factor_count_pair_cap,factor_count,False,19.0,0.7567567567567568,167.0,,19.0,0.9459459459459459,164.0,,19.0,0.9459459459459459,164.0,,1.0,0.8,1.0182926829268293,,1.0,1.0182926829268293
oracle_posthoc,external_article_core,hamming_weight_n4,ok,factor_count,factor_count,True,19.0,0.9459459459459459,164.0,,19.0,0.9459459459459459,164.0,,19.0,0.9459459459459459,164.0,,1.0,1.0,1.0,,1.0,1.0
baseline_factor_count,internal,hamming_weight_n5,ok,factor_count,factor_count_pair_cap,False,20.0,0.8536585365853658,182.0,,20.0,0.8536585365853658,182.0,,19.0,0.8780487804878049,180.0,,1.0,1.0,1.0,,1.0526315789473684,1.011111111111111
best_fixed_loto,internal,hamming_weight_n5,ok,factor_count,factor_count_pair_cap,False,20.0,0.8536585365853658,182.0,,20.0,0.8536585365853658,182.0,,19.0,0.8780487804878049,180.0,,1.0,1.0,1.0,,1.0526315789473684,1.011111111111111
circuit_1nn,internal,hamming_weight_n5,ok,mixed_pair,factor_count_pair_cap,False,20.0,0.8292682926829268,180.0,,20.0,0.8536585365853658,182.0,,19.0,0.8780487804878049,180.0,,1.0,0.9714285714285714,0.989010989010989,,1.0526315789473684,1.0
circuit_knn3,internal,hamming_weight_n5,ok,factor_count,factor_count_pair_cap,False,20.0,0.8536585365853658,182.0,,20.0,0.8536585365853658,182.0,,19.0,0.8780487804878049,180.0,,1.0,1.0,1.0,,1.0526315789473684,1.011111111111111
circuit_nearest_centroid,internal,hamming_weight_n5,ok,mixed_pair,factor_count_pair_cap,False,20.0,0.8292682926829268,180.0,,20.0,0.8536585365853658,182.0,,19.0,0.8780487804878049,180.0,,1.0,0.9714285714285714,0.989010989010989,,1.0526315789473684,1.0
circuit_softmax,internal,hamming_weight_n5,ok,factor_count,factor_count_pair_cap,False,20.0,0.8536585365853658,182.0,,20.0,0.8536585365853658,182.0,,19.0,0.8780487804878049,180.0,,1.0,1.0,1.0,,1.0526315789473684,1.011111111111111
shuffled_centroid_control,internal,hamming_weight_n5,ok,mixed_pair,factor_count_pair_cap,False,20.0,0.8292682926829268,180.0,,20.0,0.8536585365853658,182.0,,19.0,0.8780487804878049,180.0,,1.0,0.9714285714285714,0.989010989010989,,1.0526315789473684,1.0
oracle_posthoc,internal,hamming_weight_n5,ok,factor_count_pair_cap,factor_count_pair_cap,True,19.0,0.8780487804878049,180.0,,20.0,0.8536585365853658,182.0,,19.0,0.8780487804878049,180.0,,0.95,1.0285714285714287,0.989010989010989,,1.0,1.0
baseline_factor_count,external_article_core,hamming_weight_n5,ok,factor_count,factor_count,True,19.0,0.7804878048780488,179.0,,19.0,0.7804878048780488,179.0,,19.0,0.7804878048780488,179.0,,1.0,1.0,1.0,,1.0,1.0
best_fixed_loto,external_article_core,hamming_weight_n5,ok,factor_count,factor_count,True,19.0,0.7804878048780488,179.0,,19.0,0.7804878048780488,179.0,,19.0,0.7804878048780488,179.0,,1.0,1.0,1.0,,1.0,1.0
circuit_1nn,external_article_core,hamming_weight_n5,ok,mixed_pair,factor_count,False,20.0,0.8292682926829268,180.0,,19.0,0.7804878048780488,179.0,,19.0,0.7804878048780488,179.0,,1.0526315789473684,1.0625,1.005586592178771,,1.0526315789473684,1.005586592178771
circuit_knn3,external_article_core,hamming_weight_n5,ok,factor_count,factor_count,True,19.0,0.7804878048780488,179.0,,19.0,0.7804878048780488,179.0,,19.0,0.7804878048780488,179.0,,1.0,1.0,1.0,,1.0,1.0
circuit_nearest_centroid,external_article_core,hamming_weight_n5,ok,mixed_pair,factor_count,False,20.0,0.8292682926829268,180.0,,19.0,0.7804878048780488,179.0,,19.0,0.7804878048780488,179.0,,1.0526315789473684,1.0625,1.005586592178771,,1.0526315789473684,1.005586592178771
circuit_softmax,external_article_core,hamming_weight_n5,ok,factor_count,factor_count,True,19.0,0.7804878048780488,179.0,,19.0,0.7804878048780488,179.0,,19.0,0.7804878048780488,179.0,,1.0,1.0,1.0,,1.0,1.0
shuffled_centroid_control,external_article_core,hamming_weight_n5,ok,factor_count,factor_count,True,19.0,0.7804878048780488,179.0,,19.0,0.7804878048780488,179.0,,19.0,0.7804878048780488,179.0,,1.0,1.0,1.0,,1.0,1.0
oracle_posthoc,external_article_core,hamming_weight_n5,ok,factor_count,factor_count,True,19.0,0.7804878048780488,179.0,,19.0,0.7804878048780488,179.0,,19.0,0.7804878048780488,179.0,,1.0,1.0,1.0,,1.0,1.0
baseline_factor_count,external_article_extended,hamming_weight_n6,ok,factor_count,factor_count_pair_cap,False,25.0,0.9056603773584906,172.0,,25.0,0.9056603773584906,172.0,,25.0,0.7547169811320755,168.0,,1.0,1.0,1.0,,1.0,1.0238095238095237
best_fixed_loto,external_article_extended,hamming_weight_n6,ok,factor_count,factor_count_pair_cap,False,25.0,0.9056603773584906,172.0,,25.0,0.9056603773584906,172.0,,25.0,0.7547169811320755,168.0,,1.0,1.0,1.0,,1.0,1.0238095238095237
circuit_1nn,external_article_extended,hamming_weight_n6,ok,factor_count_pair_cap,factor_count_pair_cap,True,25.0,0.7547169811320755,168.0,,25.0,0.9056603773584906,172.0,,25.0,0.7547169811320755,168.0,,1.0,0.8333333333333334,0.9767441860465116,,1.0,1.0
circuit_knn3,external_article_extended,hamming_weight_n6,ok,factor_count,factor_count_pair_cap,False,25.0,0.9056603773584906,172.0,,25.0,0.9056603773584906,172.0,,25.0,0.7547169811320755,168.0,,1.0,1.0,1.0,,1.0,1.0238095238095237
circuit_nearest_centroid,external_article_extended,hamming_weight_n6,ok,mixed_pair,factor_count_pair_cap,False,26.0,0.9245283018867925,172.0,,25.0,0.9056603773584906,172.0,,25.0,0.7547169811320755,168.0,,1.04,1.0208333333333333,1.0,,1.04,1.0238095238095237
circuit_softmax,external_article_extended,hamming_weight_n6,ok,mixed_pair,factor_count_pair_cap,False,26.0,0.9245283018867925,172.0,,25.0,0.9056603773584906,172.0,,25.0,0.7547169811320755,168.0,,1.04,1.0208333333333333,1.0,,1.04,1.0238095238095237
shuffled_centroid_control,external_article_extended,hamming_weight_n6,ok,factor_count,factor_count_pair_cap,False,25.0,0.9056603773584906,172.0,,25.0,0.9056603773584906,172.0,,25.0,0.7547169811320755,168.0,,1.0,1.0,1.0,,1.0,1.0238095238095237
oracle_posthoc,external_article_extended,hamming_weight_n6,ok,factor_count_pair_cap,factor_count_pair_cap,True,25.0,0.7547169811320755,168.0,,25.0,0.9056603773584906,172.0,,25.0,0.7547169811320755,168.0,,1.0,0.8333333333333334,0.9767441860465116,,1.0,1.0
baseline_factor_count,external_journal_full_hamming_weight_n6,hamming_weight_n6,ok,factor_count,factor_count_pair_cap,False,25.0,,173.0,,25.0,,173.0,,25.0,,168.0,,1.0,,1.0,,1.0,1.0297619047619047
best_fixed_loto,external_journal_full_hamming_weight_n6,hamming_weight_n6,ok,factor_count,factor_count_pair_cap,False,25.0,,173.0,,25.0,,173.0,,25.0,,168.0,,1.0,,1.0,,1.0,1.0297619047619047
circuit_1nn,external_journal_full_hamming_weight_n6,hamming_weight_n6,ok,factor_count_pair_cap,factor_count_pair_cap,True,25.0,,168.0,,25.0,,173.0,,25.0,,168.0,,1.0,,0.9710982658959537,,1.0,1.0
circuit_knn3,external_journal_full_hamming_weight_n6,hamming_weight_n6,ok,factor_count,factor_count_pair_cap,False,25.0,,173.0,,25.0,,173.0,,25.0,,168.0,,1.0,,1.0,,1.0,1.0297619047619047
circuit_nearest_centroid,external_journal_full_hamming_weight_n6,hamming_weight_n6,ok,mixed_pair,factor_count_pair_cap,False,26.0,,172.0,,25.0,,173.0,,25.0,,168.0,,1.04,,0.9942196531791907,,1.04,1.0238095238095237
circuit_softmax,external_journal_full_hamming_weight_n6,hamming_weight_n6,ok,mixed_pair,factor_count_pair_cap,False,26.0,,172.0,,25.0,,173.0,,25.0,,168.0,,1.04,,0.9942196531791907,,1.04,1.0238095238095237
shuffled_centroid_control,external_journal_full_hamming_weight_n6,hamming_weight_n6,missing-selected-objective,frontier_pair,factor_count_pair_cap,,,,,,,,,,,,,,,,,,,
oracle_posthoc,external_journal_full_hamming_weight_n6,hamming_weight_n6,ok,factor_count_pair_cap,factor_count_pair_cap,True,25.0,,168.0,,25.0,,173.0,,25.0,,168.0,,1.0,,0.9710982658959537,,1.0,1.0
baseline_factor_count,external_article_extended,hamming_weight_n7,ok,factor_count,frontier_pair,False,34.0,1.0833333333333333,214.0,,34.0,1.0833333333333333,214.0,,28.0,0.7333333333333333,193.0,,1.0,1.0,1.0,,1.2142857142857142,1.1088082901554404
best_fixed_loto,external_article_extended,hamming_weight_n7,ok,factor_count,frontier_pair,False,34.0,1.0833333333333333,214.0,,34.0,1.0833333333333333,214.0,,28.0,0.7333333333333333,193.0,,1.0,1.0,1.0,,1.2142857142857142,1.1088082901554404
circuit_1nn,external_article_extended,hamming_weight_n7,ok,factor_count_pair_cap,frontier_pair,False,36.0,1.2833333333333334,221.0,,34.0,1.0833333333333333,214.0,,28.0,0.7333333333333333,193.0,,1.0588235294117647,1.1846153846153848,1.0327102803738317,,1.2857142857142858,1.145077720207254
circuit_knn3,external_article_extended,hamming_weight_n7,ok,factor_count,frontier_pair,False,34.0,1.0833333333333333,214.0,,34.0,1.0833333333333333,214.0,,28.0,0.7333333333333333,193.0,,1.0,1.0,1.0,,1.2142857142857142,1.1088082901554404
circuit_nearest_centroid,external_article_extended,hamming_weight_n7,ok,frontier_pair,frontier_pair,True,28.0,0.7333333333333333,193.0,,34.0,1.0833333333333333,214.0,,28.0,0.7333333333333333,193.0,,0.8235294117647058,0.676923076923077,0.9018691588785047,,1.0,1.0
circuit_softmax,external_article_extended,hamming_weight_n7,ok,factor_count_pair_cap,frontier_pair,False,36.0,1.2833333333333334,221.0,,34.0,1.0833333333333333,214.0,,28.0,0.7333333333333333,193.0,,1.0588235294117647,1.1846153846153848,1.0327102803738317,,1.2857142857142858,1.145077720207254
shuffled_centroid_control,external_article_extended,hamming_weight_n7,ok,frontier_pair,frontier_pair,True,28.0,0.7333333333333333,193.0,,34.0,1.0833333333333333,214.0,,28.0,0.7333333333333333,193.0,,0.8235294117647058,0.676923076923077,0.9018691588785047,,1.0,1.0
oracle_posthoc,external_article_extended,hamming_weight_n7,ok,frontier_pair,frontier_pair,True,28.0,0.7333333333333333,193.0,,34.0,1.0833333333333333,214.0,,28.0,0.7333333333333333,193.0,,0.8235294117647058,0.676923076923077,0.9018691588785047,,1.0,1.0
baseline_factor_count,external_journal_full_hamming_weight_n7,hamming_weight_n7,ok,factor_count,factor_count,True,26.0,,202.0,,26.0,,202.0,,26.0,,202.0,,1.0,,1.0,,1.0,1.0
best_fixed_loto,external_journal_full_hamming_weight_n7,hamming_weight_n7,ok,factor_count,factor_count,True,26.0,,202.0,,26.0,,202.0,,26.0,,202.0,,1.0,,1.0,,1.0,1.0
circuit_1nn,external_journal_full_hamming_weight_n7,hamming_weight_n7,ok,factor_count_pair_cap,factor_count,False,28.0,,188.0,,26.0,,202.0,,26.0,,202.0,,1.0769230769230769,,0.9306930693069307,,1.0769230769230769,0.9306930693069307
circuit_knn3,external_journal_full_hamming_weight_n7,hamming_weight_n7,ok,factor_count,factor_count,True,26.0,,202.0,,26.0,,202.0,,26.0,,202.0,,1.0,,1.0,,1.0,1.0
circuit_nearest_centroid,external_journal_full_hamming_weight_n7,hamming_weight_n7,missing-selected-objective,frontier_pair,factor_count,,,,,,,,,,,,,,,,,,,
circuit_softmax,external_journal_full_hamming_weight_n7,hamming_weight_n7,ok,factor_count_pair_cap,factor_count,False,28.0,,188.0,,26.0,,202.0,,26.0,,202.0,,1.0769230769230769,,0.9306930693069307,,1.0769230769230769,0.9306930693069307
shuffled_centroid_control,external_journal_full_hamming_weight_n7,hamming_weight_n7,ok,factor_count_pair_cap,factor_count,False,28.0,,188.0,,26.0,,202.0,,26.0,,202.0,,1.0769230769230769,,0.9306930693069307,,1.0769230769230769,0.9306930693069307
oracle_posthoc,external_journal_full_hamming_weight_n7,hamming_weight_n7,ok,factor_count,factor_count,True,26.0,,202.0,,26.0,,202.0,,26.0,,202.0,,1.0,,1.0,,1.0,1.0
baseline_factor_count,internal,mod_5_4,ok,factor_count,factor_count,True,7.0,0.1864406779661017,37.0,,7.0,0.1864406779661017,37.0,,7.0,0.1864406779661017,37.0,,1.0,1.0,1.0,,1.0,1.0
best_fixed_loto,internal,mod_5_4,ok,factor_count,factor_count,True,7.0,0.1864406779661017,37.0,,7.0,0.1864406779661017,37.0,,7.0,0.1864406779661017,37.0,,1.0,1.0,1.0,,1.0,1.0
circuit_1nn,internal,mod_5_4,ok,mixed_pair,factor_count,False,7.0,0.1864406779661017,37.0,,7.0,0.1864406779661017,37.0,,7.0,0.1864406779661017,37.0,,1.0,1.0,1.0,,1.0,1.0
circuit_knn3,internal,mod_5_4,ok,factor_count,factor_count,True,7.0,0.1864406779661017,37.0,,7.0,0.1864406779661017,37.0,,7.0,0.1864406779661017,37.0,,1.0,1.0,1.0,,1.0,1.0
circuit_nearest_centroid,internal,mod_5_4,ok,mixed_pair,factor_count,False,7.0,0.1864406779661017,37.0,,7.0,0.1864406779661017,37.0,,7.0,0.1864406779661017,37.0,,1.0,1.0,1.0,,1.0,1.0
circuit_softmax,internal,mod_5_4,ok,factor_count_pair_cap,factor_count,False,7.0,0.1864406779661017,37.0,,7.0,0.1864406779661017,37.0,,7.0,0.1864406779661017,37.0,,1.0,1.0,1.0,,1.0,1.0
shuffled_centroid_control,internal,mod_5_4,missing-selected-objective,frontier_pair,factor_count,,,,,,,,,,,,,,,,,,,
oracle_posthoc,internal,mod_5_4,ok,factor_count,factor_count,True,7.0,0.1864406779661017,37.0,,7.0,0.1864406779661017,37.0,,7.0,0.1864406779661017,37.0,,1.0,1.0,1.0,,1.0,1.0
baseline_factor_count,external_article_core,mod_5_4,ok,factor_count,factor_count,True,7.0,0.1864406779661017,37.0,,7.0,0.1864406779661017,37.0,,7.0,0.1864406779661017,37.0,,1.0,1.0,1.0,,1.0,1.0
best_fixed_loto,external_article_core,mod_5_4,ok,factor_count,factor_count,True,7.0,0.1864406779661017,37.0,,7.0,0.1864406779661017,37.0,,7.0,0.1864406779661017,37.0,,1.0,1.0,1.0,,1.0,1.0
circuit_1nn,external_article_core,mod_5_4,ok,mixed_pair,factor_count,False,7.0,0.1864406779661017,37.0,,7.0,0.1864406779661017,37.0,,7.0,0.1864406779661017,37.0,,1.0,1.0,1.0,,1.0,1.0
circuit_knn3,external_article_core,mod_5_4,ok,factor_count,factor_count,True,7.0,0.1864406779661017,37.0,,7.0,0.1864406779661017,37.0,,7.0,0.1864406779661017,37.0,,1.0,1.0,1.0,,1.0,1.0
circuit_nearest_centroid,external_article_core,mod_5_4,ok,mixed_pair,factor_count,False,7.0,0.1864406779661017,37.0,,7.0,0.1864406779661017,37.0,,7.0,0.1864406779661017,37.0,,1.0,1.0,1.0,,1.0,1.0
circuit_softmax,external_article_core,mod_5_4,ok,factor_count_pair_cap,factor_count,False,7.0,0.1864406779661017,37.0,,7.0,0.1864406779661017,37.0,,7.0,0.1864406779661017,37.0,,1.0,1.0,1.0,,1.0,1.0
shuffled_centroid_control,external_article_core,mod_5_4,ok,mixed_pair,factor_count,False,7.0,0.1864406779661017,37.0,,7.0,0.1864406779661017,37.0,,7.0,0.1864406779661017,37.0,,1.0,1.0,1.0,,1.0,1.0
oracle_posthoc,external_article_core,mod_5_4,ok,factor_count,factor_count,True,7.0,0.1864406779661017,37.0,,7.0,0.1864406779661017,37.0,,7.0,0.1864406779661017,37.0,,1.0,1.0,1.0,,1.0,1.0
baseline_factor_count,external_article_extended,mod_mult_55,ok,factor_count,mixed_pair,False,20.0,0.6767676767676768,257.0,,20.0,0.6767676767676768,257.0,,18.0,0.5959595959595959,252.0,,1.0,1.0,1.0,,1.1111111111111112,1.0198412698412698
best_fixed_loto,external_article_extended,mod_mult_55,ok,factor_count,mixed_pair,False,20.0,0.6767676767676768,257.0,,20.0,0.6767676767676768,257.0,,18.0,0.5959595959595959,252.0,,1.0,1.0,1.0,,1.1111111111111112,1.0198412698412698
circuit_1nn,external_article_extended,mod_mult_55,ok,factor_count,mixed_pair,False,20.0,0.6767676767676768,257.0,,20.0,0.6767676767676768,257.0,,18.0,0.5959595959595959,252.0,,1.0,1.0,1.0,,1.1111111111111112,1.0198412698412698
circuit_knn3,external_article_extended,mod_mult_55,ok,factor_count,mixed_pair,False,20.0,0.6767676767676768,257.0,,20.0,0.6767676767676768,257.0,,18.0,0.5959595959595959,252.0,,1.0,1.0,1.0,,1.1111111111111112,1.0198412698412698
circuit_nearest_centroid,external_article_extended,mod_mult_55,ok,factor_count_pair_cap,mixed_pair,False,28.0,0.6262626262626263,264.0,,20.0,0.6767676767676768,257.0,,18.0,0.5959595959595959,252.0,,1.4,0.9253731343283582,1.027237354085603,,1.5555555555555556,1.0476190476190477
circuit_softmax,external_article_extended,mod_mult_55,ok,factor_count_pair_cap,mixed_pair,False,28.0,0.6262626262626263,264.0,,20.0,0.6767676767676768,257.0,,18.0,0.5959595959595959,252.0,,1.4,0.9253731343283582,1.027237354085603,,1.5555555555555556,1.0476190476190477
shuffled_centroid_control,external_article_extended,mod_mult_55,ok,factor_count,mixed_pair,False,20.0,0.6767676767676768,257.0,,20.0,0.6767676767676768,257.0,,18.0,0.5959595959595959,252.0,,1.0,1.0,1.0,,1.1111111111111112,1.0198412698412698
oracle_posthoc,external_article_extended,mod_mult_55,ok,mixed_pair,mixed_pair,True,18.0,0.5959595959595959,252.0,,20.0,0.6767676767676768,257.0,,18.0,0.5959595959595959,252.0,,0.9,0.880597014925373,0.980544747081712,,1.0,1.0
baseline_factor_count,external_journal_full_mod_mult_55,mod_mult_55,ok,factor_count,mixed_pair,False,18.0,,268.0,,18.0,,268.0,,18.0,,252.0,,1.0,,1.0,,1.0,1.0634920634920635
best_fixed_loto,external_journal_full_mod_mult_55,mod_mult_55,ok,factor_count,mixed_pair,False,18.0,,268.0,,18.0,,268.0,,18.0,,252.0,,1.0,,1.0,,1.0,1.0634920634920635
circuit_1nn,external_journal_full_mod_mult_55,mod_mult_55,ok,factor_count,mixed_pair,False,18.0,,268.0,,18.0,,268.0,,18.0,,252.0,,1.0,,1.0,,1.0,1.0634920634920635
circuit_knn3,external_journal_full_mod_mult_55,mod_mult_55,ok,factor_count,mixed_pair,False,18.0,,268.0,,18.0,,268.0,,18.0,,252.0,,1.0,,1.0,,1.0,1.0634920634920635
circuit_nearest_centroid,external_journal_full_mod_mult_55,mod_mult_55,ok,factor_count_pair_cap,mixed_pair,False,28.0,,264.0,,18.0,,268.0,,18.0,,252.0,,1.5555555555555556,,0.9850746268656716,,1.5555555555555556,1.0476190476190477
circuit_softmax,external_journal_full_mod_mult_55,mod_mult_55,ok,factor_count_pair_cap,mixed_pair,False,28.0,,264.0,,18.0,,268.0,,18.0,,252.0,,1.5555555555555556,,0.9850746268656716,,1.5555555555555556,1.0476190476190477
shuffled_centroid_control,external_journal_full_mod_mult_55,mod_mult_55,ok,mixed_pair,mixed_pair,True,18.0,,252.0,,18.0,,268.0,,18.0,,252.0,,1.0,,0.9402985074626866,,1.0,1.0
oracle_posthoc,external_journal_full_mod_mult_55,mod_mult_55,ok,mixed_pair,mixed_pair,True,18.0,,252.0,,18.0,,268.0,,18.0,,252.0,,1.0,,0.9402985074626866,,1.0,1.0
baseline_factor_count,internal,nc_tof_3,ok,factor_count,factor_count_pair_cap,False,13.0,0.675,164.0,,13.0,0.675,164.0,,13.0,0.625,161.0,,1.0,1.0,1.0,,1.0,1.0186335403726707
best_fixed_loto,internal,nc_tof_3,ok,factor_count,factor_count_pair_cap,False,13.0,0.675,164.0,,13.0,0.675,164.0,,13.0,0.625,161.0,,1.0,1.0,1.0,,1.0,1.0186335403726707
circuit_1nn,internal,nc_tof_3,ok,factor_count,factor_count_pair_cap,False,13.0,0.675,164.0,,13.0,0.675,164.0,,13.0,0.625,161.0,,1.0,1.0,1.0,,1.0,1.0186335403726707
circuit_knn3,internal,nc_tof_3,ok,factor_count,factor_count_pair_cap,False,13.0,0.675,164.0,,13.0,0.675,164.0,,13.0,0.625,161.0,,1.0,1.0,1.0,,1.0,1.0186335403726707
circuit_nearest_centroid,internal,nc_tof_3,ok,mixed_pair,factor_count_pair_cap,False,17.0,0.675,170.0,,13.0,0.675,164.0,,13.0,0.625,161.0,,1.3076923076923077,1.0,1.0365853658536586,,1.3076923076923077,1.0559006211180124
circuit_softmax,internal,nc_tof_3,ok,factor_count,factor_count_pair_cap,False,13.0,0.675,164.0,,13.0,0.675,164.0,,13.0,0.625,161.0,,1.0,1.0,1.0,,1.0,1.0186335403726707
shuffled_centroid_control,internal,nc_tof_3,ok,mixed_pair,factor_count_pair_cap,False,17.0,0.675,170.0,,13.0,0.675,164.0,,13.0,0.625,161.0,,1.3076923076923077,1.0,1.0365853658536586,,1.3076923076923077,1.0559006211180124
oracle_posthoc,internal,nc_tof_3,ok,factor_count_pair_cap,factor_count_pair_cap,True,13.0,0.625,161.0,,13.0,0.675,164.0,,13.0,0.625,161.0,,1.0,0.9259259259259258,0.9817073170731707,,1.0,1.0
baseline_factor_count,external_standard,nc_tof_4,ok,factor_count,factor_count,True,24.0,,243.0,,24.0,,243.0,,24.0,,243.0,,1.0,,1.0,,1.0,1.0
best_fixed_loto,external_standard,nc_tof_4,ok,factor_count,factor_count,True,24.0,,243.0,,24.0,,243.0,,24.0,,243.0,,1.0,,1.0,,1.0,1.0
circuit_1nn,external_standard,nc_tof_4,ok,factor_count_pair_cap,factor_count,False,32.0,,248.0,,24.0,,243.0,,24.0,,243.0,,1.3333333333333333,,1.0205761316872428,,1.3333333333333333,1.0205761316872428
circuit_knn3,external_standard,nc_tof_4,ok,factor_count,factor_count,True,24.0,,243.0,,24.0,,243.0,,24.0,,243.0,,1.0,,1.0,,1.0,1.0
circuit_nearest_centroid,external_standard,nc_tof_4,ok,factor_count,factor_count,True,24.0,,243.0,,24.0,,243.0,,24.0,,243.0,,1.0,,1.0,,1.0,1.0
circuit_softmax,external_standard,nc_tof_4,ok,factor_count,factor_count,True,24.0,,243.0,,24.0,,243.0,,24.0,,243.0,,1.0,,1.0,,1.0,1.0
shuffled_centroid_control,external_standard,nc_tof_4,ok,factor_count,factor_count,True,24.0,,243.0,,24.0,,243.0,,24.0,,243.0,,1.0,,1.0,,1.0,1.0
oracle_posthoc,external_standard,nc_tof_4,ok,factor_count,factor_count,True,24.0,,243.0,,24.0,,243.0,,24.0,,243.0,,1.0,,1.0,,1.0,1.0
baseline_factor_count,external_night_long,nc_tof_4,ok,factor_count,mixed_pair,False,24.0,0.984375,243.0,,24.0,0.984375,243.0,,24.0,0.796875,240.0,,1.0,1.0,1.0,,1.0,1.0125
best_fixed_loto,external_night_long,nc_tof_4,ok,factor_count,mixed_pair,False,24.0,0.984375,243.0,,24.0,0.984375,243.0,,24.0,0.796875,240.0,,1.0,1.0,1.0,,1.0,1.0125
circuit_1nn,external_night_long,nc_tof_4,ok,factor_count_pair_cap,mixed_pair,False,32.0,1.25,248.0,,24.0,0.984375,243.0,,24.0,0.796875,240.0,,1.3333333333333333,1.2698412698412698,1.0205761316872428,,1.3333333333333333,1.0333333333333334
circuit_knn3,external_night_long,nc_tof_4,ok,factor_count,mixed_pair,False,24.0,0.984375,243.0,,24.0,0.984375,243.0,,24.0,0.796875,240.0,,1.0,1.0,1.0,,1.0,1.0125
circuit_nearest_centroid,external_night_long,nc_tof_4,ok,factor_count,mixed_pair,False,24.0,0.984375,243.0,,24.0,0.984375,243.0,,24.0,0.796875,240.0,,1.0,1.0,1.0,,1.0,1.0125
circuit_softmax,external_night_long,nc_tof_4,ok,factor_count,mixed_pair,False,24.0,0.984375,243.0,,24.0,0.984375,243.0,,24.0,0.796875,240.0,,1.0,1.0,1.0,,1.0,1.0125
shuffled_centroid_control,external_night_long,nc_tof_4,ok,factor_count_pair_cap,mixed_pair,False,32.0,1.25,248.0,,24.0,0.984375,243.0,,24.0,0.796875,240.0,,1.3333333333333333,1.2698412698412698,1.0205761316872428,,1.3333333333333333,1.0333333333333334
oracle_posthoc,external_night_long,nc_tof_4,ok,mixed_pair,mixed_pair,True,24.0,0.796875,240.0,,24.0,0.984375,243.0,,24.0,0.796875,240.0,,1.0,0.8095238095238095,0.9876543209876543,,1.0,1.0
baseline_factor_count,external_article_core,nc_tof_4,ok,factor_count,frontier_pair,False,37.0,1.3125,252.0,,37.0,1.3125,252.0,,32.0,1.03125,245.0,,1.0,1.0,1.0,,1.15625,1.0285714285714285
best_fixed_loto,external_article_core,nc_tof_4,ok,factor_count,frontier_pair,False,37.0,1.3125,252.0,,37.0,1.3125,252.0,,32.0,1.03125,245.0,,1.0,1.0,1.0,,1.15625,1.0285714285714285
circuit_1nn,external_article_core,nc_tof_4,ok,factor_count_pair_cap,frontier_pair,False,32.0,1.25,248.0,,37.0,1.3125,252.0,,32.0,1.03125,245.0,,0.8648648648648649,0.9523809523809523,0.9841269841269841,,1.0,1.0122448979591836
circuit_knn3,external_article_core,nc_tof_4,ok,factor_count,frontier_pair,False,37.0,1.3125,252.0,,37.0,1.3125,252.0,,32.0,1.03125,245.0,,1.0,1.0,1.0,,1.15625,1.0285714285714285
circuit_nearest_centroid,external_article_core,nc_tof_4,ok,factor_count,frontier_pair,False,37.0,1.3125,252.0,,37.0,1.3125,252.0,,32.0,1.03125,245.0,,1.0,1.0,1.0,,1.15625,1.0285714285714285
circuit_softmax,external_article_core,nc_tof_4,ok,factor_count,frontier_pair,False,37.0,1.3125,252.0,,37.0,1.3125,252.0,,32.0,1.03125,245.0,,1.0,1.0,1.0,,1.15625,1.0285714285714285
shuffled_centroid_control,external_article_core,nc_tof_4,ok,mixed_pair,frontier_pair,False,42.0,1.46875,255.0,,37.0,1.3125,252.0,,32.0,1.03125,245.0,,1.135135135135135,1.119047619047619,1.0119047619047619,,1.3125,1.0408163265306123
oracle_posthoc,external_article_core,nc_tof_4,ok,frontier_pair,frontier_pair,True,32.0,1.03125,245.0,,37.0,1.3125,252.0,,32.0,1.03125,245.0,,0.8648648648648649,0.7857142857142857,0.9722222222222222,,1.0,1.0
baseline_factor_count,external_journal_full_nc_tof_5_long,nc_tof_5,ok,factor_count,factor_count,True,103.0,2.4157303370786516,581.0,3012.9737008591183,103.0,2.4157303370786516,581.0,3012.9737008591183,103.0,2.4157303370786516,581.0,3012.9737008591183,1.0,1.0,1.0,1.0,1.0,1.0
best_fixed_loto,external_journal_full_nc_tof_5_long,nc_tof_5,ok,factor_count,factor_count,True,103.0,2.4157303370786516,581.0,3012.9737008591183,103.0,2.4157303370786516,581.0,3012.9737008591183,103.0,2.4157303370786516,581.0,3012.9737008591183,1.0,1.0,1.0,1.0,1.0,1.0
circuit_1nn,external_journal_full_nc_tof_5_long,nc_tof_5,ok,factor_count,factor_count,True,103.0,2.4157303370786516,581.0,3012.9737008591183,103.0,2.4157303370786516,581.0,3012.9737008591183,103.0,2.4157303370786516,581.0,3012.9737008591183,1.0,1.0,1.0,1.0,1.0,1.0
circuit_knn3,external_journal_full_nc_tof_5_long,nc_tof_5,ok,factor_count,factor_count,True,103.0,2.4157303370786516,581.0,3012.9737008591183,103.0,2.4157303370786516,581.0,3012.9737008591183,103.0,2.4157303370786516,581.0,3012.9737008591183,1.0,1.0,1.0,1.0,1.0,1.0
circuit_nearest_centroid,external_journal_full_nc_tof_5_long,nc_tof_5,ok,frontier_pair,factor_count,False,103.0,2.4157303370786516,581.0,3064.401036222698,103.0,2.4157303370786516,581.0,3012.9737008591183,103.0,2.4157303370786516,581.0,3012.9737008591183,1.0,1.0,1.0,1.0170686306849994,1.0,1.0
circuit_softmax,external_journal_full_nc_tof_5_long,nc_tof_5,ok,factor_count,factor_count,True,103.0,2.4157303370786516,581.0,3012.9737008591183,103.0,2.4157303370786516,581.0,3012.9737008591183,103.0,2.4157303370786516,581.0,3012.9737008591183,1.0,1.0,1.0,1.0,1.0,1.0
shuffled_centroid_control,external_journal_full_nc_tof_5_long,nc_tof_5,missing-selected-objective,mixed_pair,factor_count,,,,,,,,,,,,,,,,,,,
oracle_posthoc,external_journal_full_nc_tof_5_long,nc_tof_5,ok,factor_count,factor_count,True,103.0,2.4157303370786516,581.0,3012.9737008591183,103.0,2.4157303370786516,581.0,3012.9737008591183,103.0,2.4157303370786516,581.0,3012.9737008591183,1.0,1.0,1.0,1.0,1.0,1.0
baseline_factor_count,external_standard,vbe_adder_3,ok,factor_count,factor_count,True,65.0,,313.0,,65.0,,313.0,,65.0,,313.0,,1.0,,1.0,,1.0,1.0
best_fixed_loto,external_standard,vbe_adder_3,ok,factor_count,factor_count,True,65.0,,313.0,,65.0,,313.0,,65.0,,313.0,,1.0,,1.0,,1.0,1.0
circuit_1nn,external_standard,vbe_adder_3,ok,factor_count,factor_count,True,65.0,,313.0,,65.0,,313.0,,65.0,,313.0,,1.0,,1.0,,1.0,1.0
circuit_knn3,external_standard,vbe_adder_3,ok,factor_count,factor_count,True,65.0,,313.0,,65.0,,313.0,,65.0,,313.0,,1.0,,1.0,,1.0,1.0
circuit_nearest_centroid,external_standard,vbe_adder_3,missing-selected-objective,frontier_pair,factor_count,,,,,,,,,,,,,,,,,,,
circuit_softmax,external_standard,vbe_adder_3,ok,factor_count,factor_count,True,65.0,,313.0,,65.0,,313.0,,65.0,,313.0,,1.0,,1.0,,1.0,1.0
shuffled_centroid_control,external_standard,vbe_adder_3,missing-selected-objective,frontier_pair,factor_count,,,,,,,,,,,,,,,,,,,
oracle_posthoc,external_standard,vbe_adder_3,ok,factor_count,factor_count,True,65.0,,313.0,,65.0,,313.0,,65.0,,313.0,,1.0,,1.0,,1.0,1.0
baseline_factor_count,external_night_long,vbe_adder_3,ok,factor_count,factor_count,True,65.0,1.29,296.0,,65.0,1.29,296.0,,65.0,1.29,296.0,,1.0,1.0,1.0,,1.0,1.0
best_fixed_loto,external_night_long,vbe_adder_3,ok,factor_count,factor_count,True,65.0,1.29,296.0,,65.0,1.29,296.0,,65.0,1.29,296.0,,1.0,1.0,1.0,,1.0,1.0
circuit_1nn,external_night_long,vbe_adder_3,ok,factor_count,factor_count,True,65.0,1.29,296.0,,65.0,1.29,296.0,,65.0,1.29,296.0,,1.0,1.0,1.0,,1.0,1.0
circuit_knn3,external_night_long,vbe_adder_3,ok,factor_count,factor_count,True,65.0,1.29,296.0,,65.0,1.29,296.0,,65.0,1.29,296.0,,1.0,1.0,1.0,,1.0,1.0
circuit_nearest_centroid,external_night_long,vbe_adder_3,missing-selected-objective,frontier_pair,factor_count,,,,,,,,,,,,,,,,,,,
circuit_softmax,external_night_long,vbe_adder_3,ok,factor_count,factor_count,True,65.0,1.29,296.0,,65.0,1.29,296.0,,65.0,1.29,296.0,,1.0,1.0,1.0,,1.0,1.0
shuffled_centroid_control,external_night_long,vbe_adder_3,ok,factor_count_pair_cap,factor_count,False,66.0,1.47,311.0,,65.0,1.29,296.0,,65.0,1.29,296.0,,1.0153846153846153,1.1395348837209303,1.0506756756756757,,1.0153846153846153,1.0506756756756757
oracle_posthoc,external_night_long,vbe_adder_3,ok,factor_count,factor_count,True,65.0,1.29,296.0,,65.0,1.29,296.0,,65.0,1.29,296.0,,1.0,1.0,1.0,,1.0,1.0
baseline_factor_count,external_article_core,vbe_adder_3,ok,factor_count,factor_count,True,65.0,1.29,296.0,,65.0,1.29,296.0,,65.0,1.29,296.0,,1.0,1.0,1.0,,1.0,1.0
best_fixed_loto,external_article_core,vbe_adder_3,ok,factor_count,factor_count,True,65.0,1.29,296.0,,65.0,1.29,296.0,,65.0,1.29,296.0,,1.0,1.0,1.0,,1.0,1.0
circuit_1nn,external_article_core,vbe_adder_3,ok,factor_count,factor_count,True,65.0,1.29,296.0,,65.0,1.29,296.0,,65.0,1.29,296.0,,1.0,1.0,1.0,,1.0,1.0
circuit_knn3,external_article_core,vbe_adder_3,ok,factor_count,factor_count,True,65.0,1.29,296.0,,65.0,1.29,296.0,,65.0,1.29,296.0,,1.0,1.0,1.0,,1.0,1.0
circuit_nearest_centroid,external_article_core,vbe_adder_3,ok,frontier_pair,factor_count,False,79.0,1.63,311.0,,65.0,1.29,296.0,,65.0,1.29,296.0,,1.2153846153846153,1.263565891472868,1.0506756756756757,,1.2153846153846153,1.0506756756756757
circuit_softmax,external_article_core,vbe_adder_3,ok,factor_count,factor_count,True,65.0,1.29,296.0,,65.0,1.29,296.0,,65.0,1.29,296.0,,1.0,1.0,1.0,,1.0,1.0
shuffled_centroid_control,external_article_core,vbe_adder_3,ok,frontier_pair,factor_count,False,79.0,1.63,311.0,,65.0,1.29,296.0,,65.0,1.29,296.0,,1.2153846153846153,1.263565891472868,1.0506756756756757,,1.2153846153846153,1.0506756756756757
oracle_posthoc,external_article_core,vbe_adder_3,ok,factor_count,factor_count,True,65.0,1.29,296.0,,65.0,1.29,296.0,,65.0,1.29,296.0,,1.0,1.0,1.0,,1.0,1.0
baseline_factor_count,external_article_repair2_vbe,vbe_adder_3,ok,factor_count,factor_count_pair_cap,False,65.0,1.29,296.0,2703.5422554176766,65.0,1.29,296.0,2703.5422554176766,51.0,1.05,278.0,2702.4040113945957,1.0,1.0,1.0,1.0,1.2745098039215685,1.064748201438849
best_fixed_loto,external_article_repair2_vbe,vbe_adder_3,ok,factor_count,factor_count_pair_cap,False,65.0,1.29,296.0,2703.5422554176766,65.0,1.29,296.0,2703.5422554176766,51.0,1.05,278.0,2702.4040113945957,1.0,1.0,1.0,1.0,1.2745098039215685,1.064748201438849
circuit_1nn,external_article_repair2_vbe,vbe_adder_3,ok,factor_count,factor_count_pair_cap,False,65.0,1.29,296.0,2703.5422554176766,65.0,1.29,296.0,2703.5422554176766,51.0,1.05,278.0,2702.4040113945957,1.0,1.0,1.0,1.0,1.2745098039215685,1.064748201438849
circuit_knn3,external_article_repair2_vbe,vbe_adder_3,ok,factor_count,factor_count_pair_cap,False,65.0,1.29,296.0,2703.5422554176766,65.0,1.29,296.0,2703.5422554176766,51.0,1.05,278.0,2702.4040113945957,1.0,1.0,1.0,1.0,1.2745098039215685,1.064748201438849
circuit_nearest_centroid,external_article_repair2_vbe,vbe_adder_3,ok,frontier_pair,factor_count_pair_cap,False,51.0,1.07,285.0,2703.087996058399,65.0,1.29,296.0,2703.5422554176766,51.0,1.05,278.0,2702.4040113945957,0.7846153846153846,0.8294573643410853,0.9628378378378378,0.9998319762310475,1.0,1.025179856115108
circuit_softmax,external_article_repair2_vbe,vbe_adder_3,ok,factor_count,factor_count_pair_cap,False,65.0,1.29,296.0,2703.5422554176766,65.0,1.29,296.0,2703.5422554176766,51.0,1.05,278.0,2702.4040113945957,1.0,1.0,1.0,1.0,1.2745098039215685,1.064748201438849
shuffled_centroid_control,external_article_repair2_vbe,vbe_adder_3,ok,factor_count,factor_count_pair_cap,False,65.0,1.29,296.0,2703.5422554176766,65.0,1.29,296.0,2703.5422554176766,51.0,1.05,278.0,2702.4040113945957,1.0,1.0,1.0,1.0,1.2745098039215685,1.064748201438849
oracle_posthoc,external_article_repair2_vbe,vbe_adder_3,ok,factor_count_pair_cap,factor_count_pair_cap,True,51.0,1.05,278.0,2702.4040113945957,65.0,1.29,296.0,2703.5422554176766,51.0,1.05,278.0,2702.4040113945957,0.7846153846153846,0.813953488372093,0.9391891891891891,0.9995789804946456,1.0,1.0
