circuit_id,method,method_label,source_method,source,family,faixa,n_qubits,method_status,verify_status,qasm_artifact_path,tcount_before,tcount_after,delta_t,rel_gain_t,tdepth_before,tdepth_after,delta_tdepth,depth_after,gate_count_after,rho_t,rho_w,n_clifford_blocks,n_nonclifford_blocks,avg_nonclifford_block_len,hadamard_boundary_density,selection_objective,tensor_v3_selection_status,tensor_v3_selection_error,tensor_v3_ranking_strategy,tensor_v3_profile,tensor_v3_mixed_slack,structural_cost,predicted_structural_cost,prediction_std,prediction_tolerance,alphaq_target_status,alphaq_nc_core_area_ratio,alphaq_dependency_core_area_ratio,alphaq_nc_core_depth_ratio,alphaq_nc_core_width_ratio,alphaq_dependency_core_depth_ratio,alphaq_dependency_core_width_ratio,alphaq_total_depth_ratio,alphaq_total_area_ratio,alphaq_crossing_closure_count,alphaq_nc_core_depth,alphaq_nc_core_width,alphaq_nc_core_area,alphaq_dependency_core_depth,alphaq_dependency_core_width,alphaq_dependency_core_area,alphaq_dependency_boundary_edge_count,alphaq_dependency_component_count,alphaq_dependency_chain_depth,tensor_v3_status,tensor_v3_partition_id,tensor_v3_partition_kind,tensor_v3_tcount_tolerance,tensor_v3_mixed_excess_norm,tensor_v3_mixed_auc_greedy_norm,tensor_v3_singleton_bridge_count_norm,tensor_v3_score_lex,scheduled_layers,active_t_qubits,t_qubit_fraction,t_locality_span_qubits,t_locality_span_fraction,first_t_layer,last_t_layer,nonclifford_core_layers,nonclifford_core_area,nonclifford_core_density,clifford_prefix_ratio,clifford_suffix_ratio,heuristic_splitting_score,locality_status,locality_error,zx_split_status,zx_split_error,zx_total_depth,zx_num_qubits,zx_num_nonclifford_spiders,zx_num_cross_edges,zx_left_clifford_depth,zx_left_nonclifford_depth,zx_left_clifford_fraction,zx_left_nonclifford_fraction,zx_left_core_qubits,zx_left_closure_iters,zx_left_border_min_row,zx_left_border_max_row,zx_right_clifford_depth,zx_right_nonclifford_depth,zx_right_clifford_fraction,zx_right_nonclifford_fraction,zx_right_core_qubits,zx_right_closure_iters,zx_right_border_min_row,zx_right_border_max_row,zx_best_side,zx_best_clifford_depth,zx_best_nonclifford_depth,zx_best_clifford_fraction,zx_best_nonclifford_fraction,zx_split_normalization_status,zx_split_normalization_error,structural_target_status,structural_target_error,primary_nc_depth_ratio,primary_nc_depth_delta_vs_original,zx_total_depth_ratio,qasm_depth_ratio,tcount_improves_primary_worsens,clifford_fraction_misleading,zx_depth_inflation,qasm_depth_inflation,formal_verification_status,formal_verification_error,formal_proof_path
gf_2pow2_mult,original,Original,original,vendored-local,arithmetic,S,6,ok,not-run,external/circuit-to-tensor/benchmarks/arithmetic/gf_2pow2_mult/gf_2pow2_mult.qasm,28,28,0,0.0,8,8,0,42,61,0.45901639344262296,0.8945686900958466,21,20,1.4,0.2,,,,,,,,,,,,,,,,,,,,,,,,,,,,,,,,,,,,,,42,6,1.0,6,1.0,2,40,39,234,0.11965811965811966,0.047619047619047616,0.023809523809523808,0.03345543345543346,ok,,ok,,44,6,28,25,2,42,0.045454545454545456,0.9545454545454546,6,1,3,15,4,43,0.09090909090909091,0.9772727272727273,6,0,20,43,right,4,43,0.09090909090909091,0.9772727272727273,ok,,ok,,0.9772727272727273,0.0,1.0,1.0,False,False,False,False,not-applicable,,
gf_2pow2_mult,pyzx,PyZX,pyzx,vendored-local,arithmetic,S,6,ok,not-run,results/pyzx/gf_2pow2_mult/optimized.qasm,28,18,10,0.35714285714285715,8,4,4,111,242,0.0743801652892562,0.44554455445544555,19,18,1.0,1.3055555555555556,,,,,,,,,,,,,,,,,,,,,,,,,,,,,,,,,,,,,,,,,,,,,,,,,,,missing-qasm,Missing QASM artifact.,missing-qasm,Missing QASM artifact.,,,,,,,,,,,,,,,,,,,,,,,,,,,,missing-zx,ZX splitting metrics are not available.,,,,,False,False,False,False,equal,,results/verification/entrega1/proofs/gf_2pow2_mult/pyzx.verify.txt
gf_2pow2_mult,alphatensor_public,AlphaTensor-public,public_resynth_no_gadgets,vendored-local,arithmetic,S,6,ok,not-run,results/public_resynth/public_resynth_no_gadgets/gf_2pow2_mult/assembled.qasm,28,17,11,0.39285714285714285,8,6,2,161,212,0.08018867924528301,0.4657534246575342,18,17,1.0,0.0,,,,,,,,,,,,,,,,,,,,,,,,,,,,,,,,,,,,,,,,,,,,,,,,,,,missing-qasm,Missing QASM artifact.,missing-qasm,Missing QASM artifact.,,,,,,,,,,,,,,,,,,,,,,,,,,,,missing-zx,ZX splitting metrics are not available.,,,,,False,False,False,False,equal,,results/verification/entrega1/proofs/gf_2pow2_mult/public_resynth_no_gadgets.verify.txt
gf_2pow2_mult,alphaq_tensor_v3,AlphaQ tensor-v3,public_resynth_tensor_v3,vendored-local,arithmetic,S,6,ok,not-run,results/public_resynth_tensor_v3/public_resynth_tensor_v3/gf_2pow2_mult/assembled.qasm,28,17,11,0.39285714285714285,8,12,-4,145,195,0.08717948717948718,0.4885057471264368,18,17,1.0,0.029411764705882353,tensor-v3,ok,,lex-v1,,,1.6904761904761905,,,,ok,1.4523809523809523,1.6904761904761905,1.4523809523809523,1.0,1.6904761904761905,1.0,3.4523809523809526,3.4523809523809526,54,61,6,366,71,6,426,24,1,71,ok,semantic_role_k2,semantic-role,0.1,3.090909090909091,0.23863636363636365,0.35294117647058826,3.09090909091;0.238636363636;0.352941176471;3767bd4f612e7224,,,,,,,,,,,,,,missing-qasm,Missing QASM artifact.,missing-qasm,Missing QASM artifact.,,,,,,,,,,,,,,,,,,,,,,,,,,,,missing-zx,ZX splitting metrics are not available.,,,,,False,False,False,False,equal,,results/verification/entrega1/proofs/gf_2pow2_mult/public_resynth_tensor_v3.verify.txt
gf_2pow2_mult,alphaq_tensor_v3_phase_slack,AlphaQ tensor-v3 phase-slack,public_resynth_tensor_v3_phase_slack,vendored-local,arithmetic,S,6,ok,not-run,results/public_resynth_tensor_v3_phase_slack/public_resynth_tensor_v3_phase_slack/gf_2pow2_mult/assembled.qasm,28,17,11,0.39285714285714285,8,12,-4,145,195,0.08717948717948718,0.4885057471264368,18,17,1.0,0.029411764705882353,tensor-v3,ok,,phase-slack-v1,conservative,0.2,1.6904761904761905,,,,ok,1.4523809523809523,1.6904761904761905,1.4523809523809523,1.0,1.6904761904761905,1.0,3.4523809523809526,3.4523809523809526,54,61,6,366,71,6,426,24,1,71,ok,semantic_role_k2,semantic-role,0.12,3.090909090909091,0.23863636363636365,0.35294117647058826,3.09090909091;0.238636363636;0.352941176471;3767bd4f612e7224,,,,,,,,,,,,,,missing-qasm,Missing QASM artifact.,missing-qasm,Missing QASM artifact.,,,,,,,,,,,,,,,,,,,,,,,,,,,,missing-zx,ZX splitting metrics are not available.,,,,,False,False,False,False,equal,,results/verification/entrega1/proofs/gf_2pow2_mult/public_resynth_tensor_v3_phase_slack.verify.txt
gf_2pow2_mult,alphaq_final,AlphaQ-final,public_resynth_alphaq_final,vendored-local,arithmetic,S,6,ok,not-run,results/public_resynth_alphaq_final/public_resynth_alphaq_final/gf_2pow2_mult/assembled.qasm,28,21,7,0.25,8,6,2,147,225,0.09333333333333334,0.5072463768115942,16,15,1.4,0.3,alphaq_final_pairwise_mlp_ranker,,,,,,1.5,2.8790861419157774,0.20429442570449421,0.05,ok,1.2619047619047619,1.5,1.2619047619047619,1.0,1.5,1.0,3.5,3.5,33,53,6,318,63,6,378,20,1,63,,,,,,,,,,,,,,,,,,,,,,missing-qasm,Missing QASM artifact.,missing-qasm,Missing QASM artifact.,,,,,,,,,,,,,,,,,,,,,,,,,,,,missing-zx,ZX splitting metrics are not available.,,,,,False,False,False,False,equal,,results/verification/entrega1/proofs/gf_2pow2_mult/public_resynth_alphaq_final.verify.txt
hamming_weight_n4,original,Original,original,vendored-local,applications,M,7,ok,not-run,external/circuit-to-tensor/benchmarks/applications/hamming_weight_n4/hamming_weight_n4.qasm,21,21,0,0.0,6,6,0,34,52,0.40384615384615385,0.8713692946058091,16,15,1.4,0.2,,,,,,,,,,,,,,,,,,,,,,,,,,,,,,,,,,,,,,34,6,0.8571428571428571,6,0.8571428571428571,3,31,29,174,0.1206896551724138,0.08823529411764706,0.058823529411764705,0.12749927557229793,ok,,ok,,37,7,21,25,3,34,0.08108108108108109,0.918918918918919,7,1,4,26,5,35,0.13513513513513514,0.9459459459459459,7,1,15,35,right,5,35,0.13513513513513514,0.9459459459459459,ok,,ok,,0.9459459459459459,0.0,1.0,1.0,False,False,False,False,not-applicable,,
hamming_weight_n4,pyzx,PyZX,pyzx,vendored-local,applications,M,7,ok,not-run,results/pyzx/hamming_weight_n4/optimized.qasm,21,21,0,0.0,6,5,1,92,195,0.1076923076923077,0.546875,22,21,1.0,1.4047619047619047,,,,,,,,,,,,,,,,,,,,,,,,,,,,,,,,,,,,,,,,,,,,,,,,,,,missing-qasm,Missing QASM artifact.,missing-qasm,Missing QASM artifact.,,,,,,,,,,,,,,,,,,,,,,,,,,,,missing-zx,ZX splitting metrics are not available.,,,,,False,False,False,False,equal,,results/verification/entrega1/proofs/hamming_weight_n4/pyzx.verify.txt
hamming_weight_n4,alphatensor_public,AlphaTensor-public,public_resynth_gadgets,vendored-local,applications,M,7,ok,not-run,results/public_resynth/public_resynth_gadgets/hamming_weight_n4/assembled.qasm,21,21,0,0.0,6,6,0,221,309,0.06796116504854369,0.42168674698795183,16,15,1.4,0.3,,,,,,,,,,,,,,,,,,,,,,,,,,,,,,,,,,,,,,,,,,,,,,,,,,,missing-qasm,Missing QASM artifact.,missing-qasm,Missing QASM artifact.,,,,,,,,,,,,,,,,,,,,,,,,,,,,missing-zx,ZX splitting metrics are not available.,,,,,False,False,False,False,equal,,results/verification/entrega1/proofs/hamming_weight_n4/public_resynth_gadgets.verify.txt
hamming_weight_n4,alphaq_tensor_v3,AlphaQ tensor-v3,public_resynth_tensor_v3,vendored-local,applications,M,7,ok,not-run,results/public_resynth_tensor_v3/public_resynth_tensor_v3/hamming_weight_n4/assembled.qasm,21,21,0,0.0,6,6,0,221,309,0.06796116504854369,0.42168674698795183,16,15,1.4,0.3,tensor-v3,ok,,lex-v1,,,7.676470588235294,,,,ok,2.457983193277311,7.676470588235294,1.911764705882353,1.2857142857142858,5.970588235294118,1.2857142857142858,6.5,8.357142857142858,50,65,9,585,203,9,1827,52,1,203,ok,semantic_role_k2,semantic-role,0.1,0.0,0.36666666666666664,0.0,0;0.366666666667;0;f1491490d6284225,,,,,,,,,,,,,,missing-qasm,Missing QASM artifact.,missing-qasm,Missing QASM artifact.,,,,,,,,,,,,,,,,,,,,,,,,,,,,missing-zx,ZX splitting metrics are not available.,,,,,False,False,False,False,equal,,results/verification/entrega1/proofs/hamming_weight_n4/public_resynth_tensor_v3.verify.txt
hamming_weight_n4,alphaq_tensor_v3_phase_slack,AlphaQ tensor-v3 phase-slack,public_resynth_tensor_v3_phase_slack,vendored-local,applications,M,7,ok,not-run,results/public_resynth_tensor_v3_phase_slack/public_resynth_tensor_v3_phase_slack/hamming_weight_n4/assembled.qasm,21,21,0,0.0,6,6,0,221,309,0.06796116504854369,0.42168674698795183,16,15,1.4,0.3,tensor-v3,ok,,phase-slack-v1,conservative,0.2,7.676470588235294,,,,ok,2.457983193277311,7.676470588235294,1.911764705882353,1.2857142857142858,5.970588235294118,1.2857142857142858,6.5,8.357142857142858,50,65,9,585,203,9,1827,52,1,203,ok,semantic_role_k2,semantic-role,0.12,0.0,0.36666666666666664,0.0,0;0.366666666667;0;f1491490d6284225,,,,,,,,,,,,,,missing-qasm,Missing QASM artifact.,missing-qasm,Missing QASM artifact.,,,,,,,,,,,,,,,,,,,,,,,,,,,,missing-zx,ZX splitting metrics are not available.,,,,,False,False,False,False,equal,,results/verification/entrega1/proofs/hamming_weight_n4/public_resynth_tensor_v3_phase_slack.verify.txt
hamming_weight_n4,alphaq_final,AlphaQ-final,public_resynth_alphaq_final,vendored-local,applications,M,7,ok,not-run,results/public_resynth_alphaq_final/public_resynth_alphaq_final/hamming_weight_n4/assembled.qasm,21,21,0,0.0,6,6,0,221,309,0.06796116504854369,0.42168674698795183,16,15,1.4,0.3,alphaq_final_pairwise_mlp_ranker,,,,,,7.676470588235294,12.4362065039683,0.7292023104927313,0.05,ok,2.457983193277311,7.676470588235294,1.911764705882353,1.2857142857142858,5.970588235294118,1.2857142857142858,6.5,8.357142857142858,50,65,9,585,203,9,1827,52,1,203,,,,,,,,,,,,,,,,,,,,,,missing-qasm,Missing QASM artifact.,missing-qasm,Missing QASM artifact.,,,,,,,,,,,,,,,,,,,,,,,,,,,,missing-zx,ZX splitting metrics are not available.,,,,,False,False,False,False,equal,,results/verification/entrega1/proofs/hamming_weight_n4/public_resynth_alphaq_final.verify.txt
hamming_weight_n5,original,Original,original,vendored-local,applications,M,8,ok,not-run,external/circuit-to-tensor/benchmarks/applications/hamming_weight_n5/hamming_weight_n5.qasm,21,21,0,0.0,6,6,0,38,56,0.375,0.8571428571428571,16,15,1.4,0.2,,,,,,,,,,,,,,,,,,,,,,,,,,,,,,,,,,,,,,38,6,0.75,7,0.875,3,35,33,231,0.09090909090909091,0.07894736842105263,0.05263157894736842,0.1527212918660287,ok,,ok,,41,8,21,29,3,38,0.07317073170731707,0.926829268292683,8,1,4,30,4,39,0.0975609756097561,0.9512195121951219,8,3,15,39,right,4,39,0.0975609756097561,0.9512195121951219,ok,,ok,,0.9512195121951219,0.0,1.0,1.0,False,False,False,False,not-applicable,,
hamming_weight_n5,pyzx,PyZX,pyzx,vendored-local,applications,M,8,ok,not-run,results/pyzx/hamming_weight_n5/optimized.qasm,21,21,0,0.0,6,6,0,112,229,0.09170305676855896,0.5023923444976076,22,21,1.0,1.4285714285714286,,,,,,,,,,,,,,,,,,,,,,,,,,,,,,,,,,,,,,,,,,,,,,,,,,,missing-qasm,Missing QASM artifact.,missing-qasm,Missing QASM artifact.,,,,,,,,,,,,,,,,,,,,,,,,,,,,missing-zx,ZX splitting metrics are not available.,,,,,False,False,False,False,equal,,results/verification/entrega1/proofs/hamming_weight_n5/pyzx.verify.txt
hamming_weight_n5,alphatensor_public,AlphaTensor-public,public_resynth_gadgets,vendored-local,applications,M,8,ok,not-run,results/public_resynth/public_resynth_gadgets/hamming_weight_n5/assembled.qasm,21,21,0,0.0,6,4,2,224,327,0.06422018348623854,0.4069767441860465,16,15,1.4,0.3,,,,,,,,,,,,,,,,,,,,,,,,,,,,,,,,,,,,,,,,,,,,,,,,,,,missing-qasm,Missing QASM artifact.,missing-qasm,Missing QASM artifact.,,,,,,,,,,,,,,,,,,,,,,,,,,,,missing-zx,ZX splitting metrics are not available.,,,,,False,False,False,False,equal,,results/verification/entrega1/proofs/hamming_weight_n5/public_resynth_gadgets.verify.txt
hamming_weight_n5,alphaq_tensor_v3,AlphaQ tensor-v3,public_resynth_tensor_v3,vendored-local,applications,M,8,ok,not-run,results/public_resynth_tensor_v3/public_resynth_tensor_v3/hamming_weight_n5/assembled.qasm,21,21,0,0.0,6,4,2,224,327,0.06422018348623854,0.4069767441860465,16,15,1.4,0.3,tensor-v3,ok,,lex-v1,,,6.776315789473684,,,,ok,1.9407894736842106,6.776315789473684,1.5526315789473684,1.25,5.421052631578948,1.25,5.894736842105263,7.368421052631579,48,59,10,590,206,10,2060,53,1,206,ok,semantic_role_k2,semantic-role,0.1,0.0,0.38095238095238093,0.0,0;0.380952380952;0;678eaefa9e20b5b2,,,,,,,,,,,,,,missing-qasm,Missing QASM artifact.,missing-qasm,Missing QASM artifact.,,,,,,,,,,,,,,,,,,,,,,,,,,,,missing-zx,ZX splitting metrics are not available.,,,,,False,False,False,False,equal,,results/verification/entrega1/proofs/hamming_weight_n5/public_resynth_tensor_v3.verify.txt
hamming_weight_n5,alphaq_tensor_v3_phase_slack,AlphaQ tensor-v3 phase-slack,public_resynth_tensor_v3_phase_slack,vendored-local,applications,M,8,ok,not-run,results/public_resynth_tensor_v3_phase_slack/public_resynth_tensor_v3_phase_slack/hamming_weight_n5/assembled.qasm,21,21,0,0.0,6,4,2,224,327,0.06422018348623854,0.4069767441860465,16,15,1.4,0.3,tensor-v3,ok,,phase-slack-v1,conservative,0.2,6.776315789473684,,,,ok,1.9407894736842106,6.776315789473684,1.5526315789473684,1.25,5.421052631578948,1.25,5.894736842105263,7.368421052631579,48,59,10,590,206,10,2060,53,1,206,ok,semantic_role_k2,semantic-role,0.12,0.0,0.38095238095238093,0.0,0;0.380952380952;0;678eaefa9e20b5b2,,,,,,,,,,,,,,missing-qasm,Missing QASM artifact.,missing-qasm,Missing QASM artifact.,,,,,,,,,,,,,,,,,,,,,,,,,,,,missing-zx,ZX splitting metrics are not available.,,,,,False,False,False,False,equal,,results/verification/entrega1/proofs/hamming_weight_n5/public_resynth_tensor_v3_phase_slack.verify.txt
hamming_weight_n5,alphaq_final,AlphaQ-final,public_resynth_alphaq_final,vendored-local,applications,M,8,ok,not-run,results/public_resynth_alphaq_final/public_resynth_alphaq_final/hamming_weight_n5/assembled.qasm,21,21,0,0.0,6,4,2,224,327,0.06422018348623854,0.4069767441860465,16,15,1.4,0.3,alphaq_final_pairwise_mlp_ranker,,,,,,6.776315789473684,12.077382446857486,0.6156946894641022,0.05,ok,1.9407894736842106,6.776315789473684,1.5526315789473684,1.25,5.421052631578948,1.25,5.894736842105263,7.368421052631579,48,59,10,590,206,10,2060,53,1,206,,,,,,,,,,,,,,,,,,,,,,missing-qasm,Missing QASM artifact.,missing-qasm,Missing QASM artifact.,,,,,,,,,,,,,,,,,,,,,,,,,,,,missing-zx,ZX splitting metrics are not available.,,,,,False,False,False,False,equal,,results/verification/entrega1/proofs/hamming_weight_n5/public_resynth_alphaq_final.verify.txt
mod_5_4,original,Original,original,vendored-local,arithmetic,S,5,ok,not-run,external/circuit-to-tensor/benchmarks/arithmetic/mod_5_4/mod_5_4.qasm,28,28,0,0.0,16,16,0,59,79,0.35443037974683544,0.8459214501510574,21,20,1.4,0.3,,,,,,,,,,,,,,,,,,,,,,,,,,,,,,,,,,,,,,59,5,1.0,5,1.0,5,54,50,250,0.112,0.0847457627118644,0.06779661016949153,0.03934915254237288,ok,,ok,,59,5,28,28,5,54,0.0847457627118644,0.9152542372881356,5,1,6,34,5,56,0.0847457627118644,0.9491525423728814,5,1,28,56,tie,5,54,0.0847457627118644,0.9152542372881356,ok,,ok,,0.9152542372881356,0.0,1.0,1.0,False,False,False,False,not-applicable,,
mod_5_4,pyzx,PyZX,pyzx,vendored-local,arithmetic,S,5,ok,not-run,results/pyzx/mod_5_4/optimized.qasm,28,8,20,0.7142857142857143,16,2,14,45,103,0.07766990291262135,0.45714285714285713,9,8,1.0,1.125,,,,,,,,,,,,,,,,,,,,,,,,,,,,,,,,,,,,,,,,,,,,,,,,,,,missing-qasm,Missing QASM artifact.,missing-qasm,Missing QASM artifact.,,,,,,,,,,,,,,,,,,,,,,,,,,,,missing-zx,ZX splitting metrics are not available.,,,,,False,False,False,False,equal,,results/verification/entrega1/proofs/mod_5_4/pyzx.verify.txt
mod_5_4,alphatensor_public,AlphaTensor-public,public_resynth_no_gadgets,vendored-local,arithmetic,S,5,ok,not-run,results/public_resynth/public_resynth_no_gadgets/mod_5_4/assembled.qasm,28,7,21,0.75,16,4,12,57,71,0.09859154929577464,0.5223880597014925,8,7,1.0,0.07142857142857142,,,,,,,,,,,,,,,,,,,,,,,,,,,,,,,,,,,,,,,,,,,,,,,,,,,missing-qasm,Missing QASM artifact.,missing-qasm,Missing QASM artifact.,,,,,,,,,,,,,,,,,,,,,,,,,,,,missing-zx,ZX splitting metrics are not available.,,,,,False,False,False,False,equal,,results/verification/entrega1/proofs/mod_5_4/public_resynth_no_gadgets.verify.txt
mod_5_4,alphaq_tensor_v3,AlphaQ tensor-v3,public_resynth_tensor_v3,vendored-local,arithmetic,S,5,ok,not-run,results/public_resynth_tensor_v3/public_resynth_tensor_v3/mod_5_4/assembled.qasm,28,7,21,0.75,16,4,12,59,83,0.08433734939759036,0.4794520547945205,6,5,1.4,0.3,tensor-v3,ok,,lex-v1,,,0.8305084745762712,,,,ok,0.08135593220338982,0.8305084745762712,0.13559322033898305,0.6,0.8305084745762712,1.0,1.0,1.0,4,8,3,24,49,5,245,22,1,49,ok,semantic_role_k2,semantic-role,0.1,0.0,0.5,0.0,0;0.5;0;35f8ef5e37c56c46,,,,,,,,,,,,,,missing-qasm,Missing QASM artifact.,missing-qasm,Missing QASM artifact.,,,,,,,,,,,,,,,,,,,,,,,,,,,,missing-zx,ZX splitting metrics are not available.,,,,,False,False,False,False,equal,,results/verification/entrega1/proofs/mod_5_4/public_resynth_tensor_v3.verify.txt
mod_5_4,alphaq_tensor_v3_phase_slack,AlphaQ tensor-v3 phase-slack,public_resynth_tensor_v3_phase_slack,vendored-local,arithmetic,S,5,ok,not-run,results/public_resynth_tensor_v3_phase_slack/public_resynth_tensor_v3_phase_slack/mod_5_4/assembled.qasm,28,7,21,0.75,16,4,12,59,83,0.08433734939759036,0.4794520547945205,6,5,1.4,0.3,tensor-v3,ok,,phase-slack-v1,conservative,0.2,0.8305084745762712,,,,ok,0.08135593220338982,0.8305084745762712,0.13559322033898305,0.6,0.8305084745762712,1.0,1.0,1.0,4,8,3,24,49,5,245,22,1,49,ok,semantic_role_k2,semantic-role,0.12,0.0,0.5,0.0,0;0.5;0;35f8ef5e37c56c46,,,,,,,,,,,,,,missing-qasm,Missing QASM artifact.,missing-qasm,Missing QASM artifact.,,,,,,,,,,,,,,,,,,,,,,,,,,,,missing-zx,ZX splitting metrics are not available.,,,,,False,False,False,False,equal,,results/verification/entrega1/proofs/mod_5_4/public_resynth_tensor_v3_phase_slack.verify.txt
mod_5_4,alphaq_final,AlphaQ-final,public_resynth_alphaq_final,vendored-local,arithmetic,S,5,ok,not-run,results/public_resynth_alphaq_final/public_resynth_alphaq_final/mod_5_4/assembled.qasm,28,7,21,0.75,16,4,12,59,83,0.08433734939759036,0.4794520547945205,6,5,1.4,0.3,alphaq_final_pairwise_mlp_ranker,,,,,,0.8305084745762712,2.57814031259606,0.22255963924416944,0.05,ok,0.08135593220338982,0.8305084745762712,0.13559322033898305,0.6,0.8305084745762712,1.0,1.0,1.0,4,8,3,24,49,5,245,22,1,49,,,,,,,,,,,,,,,,,,,,,,missing-qasm,Missing QASM artifact.,missing-qasm,Missing QASM artifact.,,,,,,,,,,,,,,,,,,,,,,,,,,,,missing-zx,ZX splitting metrics are not available.,,,,,False,False,False,False,equal,,results/verification/entrega1/proofs/mod_5_4/public_resynth_alphaq_final.verify.txt
qft_4,original,Original,original,vendored-local,arithmetic,L,5,ok,not-run,external/circuit-to-tensor/benchmarks/arithmetic/qft_4/qft_4.qasm,69,69,0,0.0,40,40,0,152,187,0.3689839572192513,0.8539603960396039,57,56,1.2321428571428572,0.38392857142857145,,,,,,,,,,,,,,,,,,,,,,,,,,,,,,,,,,,,,,152,5,1.0,5,1.0,2,151,150,750,0.092,0.013157894736842105,0.0,0.021031578947368422,ok,,ok,,164,5,69,46,2,162,0.012195121951219513,0.9878048780487805,5,1,3,40,1,164,0.006097560975609756,1.0,5,2,138,164,left,2,162,0.012195121951219513,0.9878048780487805,ok,,ok,,0.9878048780487805,0.0,1.0,1.0,False,False,False,False,not-applicable,,
qft_4,pyzx,PyZX,pyzx,vendored-local,arithmetic,L,5,ok,not-run,results/pyzx/qft_4/optimized.qasm,69,67,2,0.028985507246376812,40,37,3,239,322,0.2080745341614907,0.7243243243243244,68,67,1.0,0.8582089552238806,,,,,,,,,,,,,,,,,,,,,,,,,,,,,,,,,,,,,,,,,,,,,,,,,,,missing-qasm,Missing QASM artifact.,missing-qasm,Missing QASM artifact.,,,,,,,,,,,,,,,,,,,,,,,,,,,,missing-zx,ZX splitting metrics are not available.,,,,,False,False,False,False,equal,,results/verification/entrega1/proofs/qft_4/pyzx.verify.txt
qft_4,alphatensor_public,AlphaTensor-public,public_resynth_no_gadgets,vendored-local,arithmetic,L,5,ok,not-run,results/public_resynth/public_resynth_no_gadgets/qft_4/assembled.qasm,69,53,16,0.2318840579710145,40,25,15,529,893,0.0593505039193729,0.38686131386861317,54,53,1.0,0.32075471698113206,,,,,,,,,,,,,,,,,,,,,,,,,,,,,,,,,,,,,,,,,,,,,,,,,,,missing-qasm,Missing QASM artifact.,missing-qasm,Missing QASM artifact.,,,,,,,,,,,,,,,,,,,,,,,,,,,,missing-zx,ZX splitting metrics are not available.,,,,,False,False,False,False,equal,,results/verification/entrega1/proofs/qft_4/public_resynth_no_gadgets.verify.txt
qft_4,alphaq_tensor_v3,AlphaQ tensor-v3,public_resynth_tensor_v3,vendored-local,arithmetic,L,5,ok,not-run,results/public_resynth_tensor_v3/public_resynth_tensor_v3/qft_4/assembled.qasm,69,53,16,0.2318840579710145,40,25,15,541,892,0.05941704035874439,0.38714390065741416,54,53,1.0,0.29245283018867924,tensor-v3,ok,,lex-v1,,,26.478947368421053,,,,ok,8.178947368421053,26.478947368421053,0.9736842105263158,8.4,3.0789473684210527,8.6,3.5592105263157894,30.60921052631579,146,148,42,6216,468,43,20124,326,1,468,ok,semantic_role_k2,semantic-role,0.1,3.085714285714286,0.4318681318681319,0.6226415094339622,3.08571428571;0.431868131868;0.622641509434;c262c1bba409235b,,,,,,,,,,,,,,missing-qasm,Missing QASM artifact.,missing-qasm,Missing QASM artifact.,,,,,,,,,,,,,,,,,,,,,,,,,,,,missing-zx,ZX splitting metrics are not available.,,,,,False,False,False,False,equal,,results/verification/entrega1/proofs/qft_4/public_resynth_tensor_v3.verify.txt
qft_4,alphaq_tensor_v3_phase_slack,AlphaQ tensor-v3 phase-slack,public_resynth_tensor_v3_phase_slack,vendored-local,arithmetic,L,5,ok,not-run,results/public_resynth_tensor_v3_phase_slack/public_resynth_tensor_v3_phase_slack/qft_4/assembled.qasm,69,53,16,0.2318840579710145,40,23,17,525,883,0.06002265005662514,0.3897058823529412,54,53,1.0,0.3113207547169811,tensor-v3,ok,,phase-slack-v1,conservative,0.2,25.517105263157895,,,,ok,7.4605263157894735,25.517105263157895,0.8881578947368421,8.4,2.9671052631578947,8.6,3.4539473684210527,29.70394736842105,135,135,42,5670,451,43,19393,332,1,451,ok,semantic_role_k2,semantic-role,0.12,3.4285714285714284,0.45925925925925926,0.6226415094339622,3.42857142857;0.459259259259;0.622641509434;b36f9547d4621aec,,,,,,,,,,,,,,missing-qasm,Missing QASM artifact.,missing-qasm,Missing QASM artifact.,,,,,,,,,,,,,,,,,,,,,,,,,,,,missing-zx,ZX splitting metrics are not available.,,,,,False,False,False,False,equal,,results/verification/entrega1/proofs/qft_4/public_resynth_tensor_v3_phase_slack.verify.txt
qft_4,alphaq_final,AlphaQ-final,public_resynth_alphaq_final,vendored-local,arithmetic,L,5,ok,not-run,results/public_resynth_alphaq_final/public_resynth_alphaq_final/qft_4/assembled.qasm,69,67,2,0.028985507246376812,40,21,19,515,937,0.07150480256136606,0.43506493506493504,60,59,1.1355932203389831,0.3813559322033898,alphaq_final_pairwise_mlp_ranker,,,,,,24.66842105263158,4.241806399867203,0.04913361795275582,0.05,ok,6.419736842105263,24.66842105263158,0.7828947368421053,8.2,2.8684210526315788,8.6,3.388157894736842,29.138157894736842,110,119,41,4879,436,43,18748,332,1,436,,,,,,,,,,,,,,,,,,,,,,missing-qasm,Missing QASM artifact.,missing-qasm,Missing QASM artifact.,,,,,,,,,,,,,,,,,,,,,,,,,,,,missing-zx,ZX splitting metrics are not available.,,,,,False,False,False,False,equal,,results/verification/entrega1/proofs/qft_4/public_resynth_alphaq_final.verify.txt
