family_file,method,family_label,circuit_id,num_blocks,best_effective_tcount,best_num_factors,best_n_toffoli_gadgets,best_n_cs_gadgets,best_n_t_remaining,all_tensor_equal,best_decomposition_keys,best_candidate_indices
benchmarks_gadgets.npz,paper_gadgets,benchmark,8_bit_adder,2,94,259,33,0,28,True,8_bit_adder_block1;8_bit_adder_block2,0;0
benchmarks_gadgets.npz,paper_gadgets,benchmark,barenco_tof_10,1,32,112,16,0,0,True,barenco_toff_10,0
benchmarks_gadgets.npz,paper_gadgets,benchmark,barenco_tof_3,1,4,14,2,0,0,True,barenco_toff_3,0
benchmarks_gadgets.npz,paper_gadgets,benchmark,barenco_tof_4,1,8,28,4,0,0,True,barenco_toff_4,0
benchmarks_gadgets.npz,paper_gadgets,benchmark,barenco_tof_5,1,12,42,6,0,0,True,barenco_toff_5,0
benchmarks_gadgets.npz,paper_gadgets,benchmark,csla_mux_3,1,16,56,8,0,0,True,csla_mux_3,0
benchmarks_gadgets.npz,paper_gadgets,benchmark,csum_mux_9,1,28,98,14,0,0,True,csum_mux_9,0
benchmarks_gadgets.npz,paper_gadgets,benchmark,grover_5,2,66,201,27,0,12,True,grover_5_block1;grover_5_block2,0;0
benchmarks_gadgets.npz,paper_gadgets,benchmark,hamming_15_high,9,440,1307,173,2,90,True,hamming_15_high_block1;hamming_15_high_block2;hamming_15_high_block3;hamming_15_high_block4;hamming_15_high_block5;hamming_15_high_block6;hamming_15_high_block7;hamming_15_high_block8;hamming_15_high_block9,0;0;0;0;0;0;0;0;0
benchmarks_gadgets.npz,paper_gadgets,benchmark,hamming_15_low,1,34,119,17,0,0,True,hamming_15_low,0
benchmarks_gadgets.npz,paper_gadgets,benchmark,hamming_15_med,2,78,253,35,0,8,True,hamming_15_med_block1;hamming_15_med_block2,0;0
benchmarks_gadgets.npz,paper_gadgets,benchmark,hwb_6,1,20,70,10,0,0,True,hwb_6,0
benchmarks_gadgets.npz,paper_gadgets,benchmark,mod_5_4,1,2,7,1,0,0,True,mod_5_4,0
benchmarks_gadgets.npz,paper_gadgets,benchmark,mod_adder_1024,10,500,1220,141,15,188,True,mod_adder_1024_block1;mod_adder_1024_block10;mod_adder_1024_block2;mod_adder_1024_block3;mod_adder_1024_block4;mod_adder_1024_block5;mod_adder_1024_block6;mod_adder_1024_block7;mod_adder_1024_block8;mod_adder_1024_block9,0;0;0;0;0;0;0;0;0;0
benchmarks_gadgets.npz,paper_gadgets,benchmark,mod_mult_55,1,6,21,3,0,0,True,mod_mult_55,0
benchmarks_gadgets.npz,paper_gadgets,benchmark,mod_red_21,1,22,77,11,0,0,True,mod_red_21,0
benchmarks_gadgets.npz,paper_gadgets,benchmark,nc_tof_10,1,18,63,9,0,0,True,nc_toff_10,0
benchmarks_gadgets.npz,paper_gadgets,benchmark,nc_tof_3,1,4,14,2,0,0,True,nc_toff_3,0
benchmarks_gadgets.npz,paper_gadgets,benchmark,nc_tof_4,1,6,21,3,0,0,True,nc_toff_4,0
benchmarks_gadgets.npz,paper_gadgets,benchmark,nc_tof_5,1,8,28,4,0,0,True,nc_toff_5,0
benchmarks_gadgets.npz,paper_gadgets,benchmark,qcla_adder_10,2,94,239,28,5,28,True,qcla_adder_10_block1;qcla_adder_10_block2,0;0
benchmarks_gadgets.npz,paper_gadgets,benchmark,qcla_com_7,1,24,84,12,0,0,True,qcla_com_7,0
benchmarks_gadgets.npz,paper_gadgets,benchmark,qcla_mod_7,2,122,337,43,0,36,True,qcla_mod_7_block1;qcla_mod_7_block2,0;0
benchmarks_gadgets.npz,paper_gadgets,benchmark,qft_4,1,44,67,4,3,30,True,qft_4,0
benchmarks_gadgets.npz,paper_gadgets,benchmark,rc_adder_6,1,12,42,6,0,0,True,rc_adder_6,0
benchmarks_gadgets.npz,paper_gadgets,benchmark,vbe_adder_3,1,6,21,3,0,0,True,vbe_adder_3,0
benchmarks_no_gadgets.npz,paper_no_gadgets,benchmark,8_bit_adder,2,139,139,0,0,139,True,8_bit_adder_block1;8_bit_adder_block2,0;0
benchmarks_no_gadgets.npz,paper_no_gadgets,benchmark,barenco_tof_10,1,83,83,0,0,83,True,barenco_toff_10,0
benchmarks_no_gadgets.npz,paper_no_gadgets,benchmark,barenco_tof_3,1,13,13,0,0,13,True,barenco_toff_3,0
benchmarks_no_gadgets.npz,paper_no_gadgets,benchmark,barenco_tof_4,1,23,23,0,0,23,True,barenco_toff_4,0
benchmarks_no_gadgets.npz,paper_no_gadgets,benchmark,barenco_tof_5,1,33,33,0,0,33,True,barenco_toff_5,0
benchmarks_no_gadgets.npz,paper_no_gadgets,benchmark,csla_mux_3,1,39,39,0,0,39,True,csla_mux_3,0
benchmarks_no_gadgets.npz,paper_no_gadgets,benchmark,csum_mux_9,1,71,71,0,0,71,True,csum_mux_9,0
benchmarks_no_gadgets.npz,paper_no_gadgets,benchmark,grover_5,2,152,152,0,0,152,True,grover_5_block1;grover_5_block2,0;0
benchmarks_no_gadgets.npz,paper_no_gadgets,benchmark,hamming_15_high,9,773,773,0,0,773,True,hamming_15_high_block1;hamming_15_high_block2;hamming_15_high_block3;hamming_15_high_block4;hamming_15_high_block5;hamming_15_high_block6;hamming_15_high_block7;hamming_15_high_block8;hamming_15_high_block9,0;0;0;0;0;0;0;0;0
benchmarks_no_gadgets.npz,paper_no_gadgets,benchmark,hamming_15_low,1,73,73,0,0,73,True,hamming_15_low,0
benchmarks_no_gadgets.npz,paper_no_gadgets,benchmark,hamming_15_med,2,156,156,0,0,156,True,hamming_15_med_block1;hamming_15_med_block2,0;0
benchmarks_no_gadgets.npz,paper_no_gadgets,benchmark,hwb_6,1,51,51,0,0,51,True,hwb_6,0
benchmarks_no_gadgets.npz,paper_no_gadgets,benchmark,mod_5_4,1,7,7,0,0,7,True,mod_5_4,0
benchmarks_no_gadgets.npz,paper_no_gadgets,benchmark,mod_adder_1024,10,762,762,0,0,762,True,mod_adder_1024_block1;mod_adder_1024_block10;mod_adder_1024_block2;mod_adder_1024_block3;mod_adder_1024_block4;mod_adder_1024_block5;mod_adder_1024_block6;mod_adder_1024_block7;mod_adder_1024_block8;mod_adder_1024_block9,0;0;0;0;0;0;0;0;0;0
benchmarks_no_gadgets.npz,paper_no_gadgets,benchmark,mod_mult_55,1,17,17,0,0,17,True,mod_mult_55,0
benchmarks_no_gadgets.npz,paper_no_gadgets,benchmark,mod_red_21,1,51,51,0,0,51,True,mod_red_21,0
benchmarks_no_gadgets.npz,paper_no_gadgets,benchmark,nc_tof_10,1,55,55,0,0,55,True,nc_toff_10,0
benchmarks_no_gadgets.npz,paper_no_gadgets,benchmark,nc_tof_3,1,13,13,0,0,13,True,nc_toff_3,0
benchmarks_no_gadgets.npz,paper_no_gadgets,benchmark,nc_tof_4,1,19,19,0,0,19,True,nc_toff_4,0
benchmarks_no_gadgets.npz,paper_no_gadgets,benchmark,nc_tof_5,1,25,25,0,0,25,True,nc_toff_5,0
benchmarks_no_gadgets.npz,paper_no_gadgets,benchmark,qcla_adder_10,2,135,135,0,0,135,True,qcla_adder_10_block1;qcla_adder_10_block2,0;0
benchmarks_no_gadgets.npz,paper_no_gadgets,benchmark,qcla_com_7,1,59,59,0,0,59,True,qcla_com_7,0
benchmarks_no_gadgets.npz,paper_no_gadgets,benchmark,qcla_mod_7,2,199,199,0,0,199,True,qcla_mod_7_block1;qcla_mod_7_block2,0;0
benchmarks_no_gadgets.npz,paper_no_gadgets,benchmark,qft_4,1,53,53,0,0,53,True,qft_4,0
benchmarks_no_gadgets.npz,paper_no_gadgets,benchmark,rc_adder_6,1,37,37,0,0,37,True,rc_adder_6,0
benchmarks_no_gadgets.npz,paper_no_gadgets,benchmark,vbe_adder_3,1,19,19,0,0,19,True,vbe_adder_3,0
binary_addition.npz,paper_gadgets,binary_addition,cuccaro_adder_n10,1,18,63,9,0,0,True,cuccaro_adder_n10,0
binary_addition.npz,paper_gadgets,binary_addition,cuccaro_adder_n3,1,4,14,2,0,0,True,cuccaro_adder_n3,0
binary_addition.npz,paper_gadgets,binary_addition,cuccaro_adder_n4,1,6,21,3,0,0,True,cuccaro_adder_n4,0
binary_addition.npz,paper_gadgets,binary_addition,cuccaro_adder_n5,1,8,28,4,0,0,True,cuccaro_adder_n5,0
binary_addition.npz,paper_gadgets,binary_addition,cuccaro_adder_n6,1,10,35,5,0,0,True,cuccaro_adder_n6,0
binary_addition.npz,paper_gadgets,binary_addition,cuccaro_adder_n7,1,12,42,6,0,0,True,cuccaro_adder_n7,0
binary_addition.npz,paper_gadgets,binary_addition,cuccaro_adder_n8,1,14,49,7,0,0,True,cuccaro_adder_n8,0
binary_addition.npz,paper_gadgets,binary_addition,cuccaro_adder_n9,1,16,56,8,0,0,True,cuccaro_adder_n9,0
hamming_weight_phase_gradient.npz,paper_gadgets,hamming_weight_phase_gradient,hamming_weight_n10,1,16,56,8,0,0,True,hamming_weight_n10,0
hamming_weight_phase_gradient.npz,paper_gadgets,hamming_weight_phase_gradient,hamming_weight_n11,1,16,56,8,0,0,True,hamming_weight_n11,0
hamming_weight_phase_gradient.npz,paper_gadgets,hamming_weight_phase_gradient,hamming_weight_n12,1,20,70,10,0,0,True,hamming_weight_n12,0
hamming_weight_phase_gradient.npz,paper_gadgets,hamming_weight_phase_gradient,hamming_weight_n13,1,20,70,10,0,0,True,hamming_weight_n13,0
hamming_weight_phase_gradient.npz,paper_gadgets,hamming_weight_phase_gradient,hamming_weight_n14,1,22,77,11,0,0,True,hamming_weight_n14,0
hamming_weight_phase_gradient.npz,paper_gadgets,hamming_weight_phase_gradient,hamming_weight_n15,1,22,77,11,0,0,True,hamming_weight_n15,0
hamming_weight_phase_gradient.npz,paper_gadgets,hamming_weight_phase_gradient,hamming_weight_n16,1,30,105,15,0,0,True,hamming_weight_n16,0
hamming_weight_phase_gradient.npz,paper_gadgets,hamming_weight_phase_gradient,hamming_weight_n17,1,30,105,15,0,0,True,hamming_weight_n17,0
hamming_weight_phase_gradient.npz,paper_gadgets,hamming_weight_phase_gradient,hamming_weight_n18,1,32,112,16,0,0,True,hamming_weight_n18,0
hamming_weight_phase_gradient.npz,paper_gadgets,hamming_weight_phase_gradient,hamming_weight_n19,1,32,112,16,0,0,True,hamming_weight_n19,0
hamming_weight_phase_gradient.npz,paper_gadgets,hamming_weight_phase_gradient,hamming_weight_n20,1,36,126,18,0,0,True,hamming_weight_n20,0
hamming_weight_phase_gradient.npz,paper_gadgets,hamming_weight_phase_gradient,hamming_weight_n4,1,6,21,3,0,0,True,hamming_weight_n4,0
hamming_weight_phase_gradient.npz,paper_gadgets,hamming_weight_phase_gradient,hamming_weight_n5,1,6,21,3,0,0,True,hamming_weight_n5,0
hamming_weight_phase_gradient.npz,paper_gadgets,hamming_weight_phase_gradient,hamming_weight_n6,1,8,28,4,0,0,True,hamming_weight_n6,0
hamming_weight_phase_gradient.npz,paper_gadgets,hamming_weight_phase_gradient,hamming_weight_n7,1,8,28,4,0,0,True,hamming_weight_n7,0
hamming_weight_phase_gradient.npz,paper_gadgets,hamming_weight_phase_gradient,hamming_weight_n8,1,14,49,7,0,0,True,hamming_weight_n8,0
hamming_weight_phase_gradient.npz,paper_gadgets,hamming_weight_phase_gradient,hamming_weight_n9,1,14,49,7,0,0,True,hamming_weight_n9,0
multiplication_finite_fields_gadgets.npz,paper_gadgets,finite_field_multiplication,gf_2pow10_mult,1,92,322,46,0,0,True,gf_2pow10_mult_comp2,0
multiplication_finite_fields_gadgets.npz,paper_gadgets,finite_field_multiplication,gf_2pow2_mult,1,6,21,3,0,0,True,gf_2pow2_mult_comp2,0
multiplication_finite_fields_gadgets.npz,paper_gadgets,finite_field_multiplication,gf_2pow3_mult,1,12,42,6,0,0,True,gf_2pow3_mult_comp2,0
multiplication_finite_fields_gadgets.npz,paper_gadgets,finite_field_multiplication,gf_2pow4_mult,1,18,63,9,0,0,True,gf_2pow4_mult_comp2,0
multiplication_finite_fields_gadgets.npz,paper_gadgets,finite_field_multiplication,gf_2pow5_mult,1,26,91,13,0,0,True,gf_2pow5_mult_comp2,0
multiplication_finite_fields_gadgets.npz,paper_gadgets,finite_field_multiplication,gf_2pow6_mult,1,36,126,18,0,0,True,gf_2pow6_mult_comp2,0
multiplication_finite_fields_gadgets.npz,paper_gadgets,finite_field_multiplication,gf_2pow7_mult,1,44,154,22,0,0,True,gf_2pow7_mult_comp2,0
multiplication_finite_fields_gadgets.npz,paper_gadgets,finite_field_multiplication,gf_2pow8_mult,1,58,203,29,0,0,True,gf_2pow8_mult_comp2,0
multiplication_finite_fields_gadgets.npz,paper_gadgets,finite_field_multiplication,gf_2pow9_mult,1,70,245,35,0,0,True,gf_2pow9_mult_comp2,0
multiplication_finite_fields_no_gadgets.npz,paper_no_gadgets,finite_field_multiplication,gf_2pow10_mult,1,196,196,0,0,196,True,gf_2pow10_mult_comp1,0
multiplication_finite_fields_no_gadgets.npz,paper_no_gadgets,finite_field_multiplication,gf_2pow2_mult,1,17,17,0,0,17,True,gf_2pow2_mult_comp2,0
multiplication_finite_fields_no_gadgets.npz,paper_no_gadgets,finite_field_multiplication,gf_2pow3_mult,1,29,29,0,0,29,True,gf_2pow3_mult_comp2,0
multiplication_finite_fields_no_gadgets.npz,paper_no_gadgets,finite_field_multiplication,gf_2pow4_mult,1,39,39,0,0,39,True,gf_2pow4_mult_comp1,0
multiplication_finite_fields_no_gadgets.npz,paper_no_gadgets,finite_field_multiplication,gf_2pow5_mult,1,59,59,0,0,59,True,gf_2pow5_mult_comp1,0
multiplication_finite_fields_no_gadgets.npz,paper_no_gadgets,finite_field_multiplication,gf_2pow6_mult,1,77,77,0,0,77,True,gf_2pow6_mult_comp1,0
multiplication_finite_fields_no_gadgets.npz,paper_no_gadgets,finite_field_multiplication,gf_2pow7_mult,1,104,104,0,0,104,True,gf_2pow7_mult_comp1,0
multiplication_finite_fields_no_gadgets.npz,paper_no_gadgets,finite_field_multiplication,gf_2pow8_mult,1,123,123,0,0,123,True,gf_2pow8_mult_comp1,0
multiplication_finite_fields_no_gadgets.npz,paper_no_gadgets,finite_field_multiplication,gf_2pow9_mult,1,161,161,0,0,161,True,gf_2pow9_mult_comp1,0
quantum_chemistry.npz,paper_gadgets,quantum_chemistry,basis_change_p4_o3,1,16,56,8,0,0,True,basis_change_p4_o3,0
quantum_chemistry.npz,paper_gadgets,quantum_chemistry,basis_change_p4_o4,1,24,84,12,0,0,True,basis_change_p4_o4,0
quantum_chemistry.npz,paper_gadgets,quantum_chemistry,basis_change_p4_o5,1,32,112,16,0,0,True,basis_change_p4_o5,0
quantum_chemistry.npz,paper_gadgets,quantum_chemistry,basis_change_p5_o3,1,24,84,12,0,0,True,basis_change_p5_o3,0
quantum_chemistry.npz,paper_gadgets,quantum_chemistry,basis_change_p5_o4,1,36,126,18,0,0,True,basis_change_p5_o4,0
quantum_chemistry.npz,paper_gadgets,quantum_chemistry,basis_change_p6_o3,1,32,112,16,0,0,True,basis_change_p6_o3,0
quantum_chemistry.npz,paper_gadgets,quantum_chemistry,basis_change_p7_o3,1,40,140,20,0,0,True,basis_change_p7_o3,0
unary_iteration_gadgets.npz,paper_gadgets,unary_iteration,unary_iteration_n3,1,14,49,7,0,0,True,unary_iteration_n3,0
unary_iteration_gadgets.npz,paper_gadgets,unary_iteration,unary_iteration_n4,1,30,105,15,0,0,True,unary_iteration_n4,0
unary_iteration_gadgets.npz,paper_gadgets,unary_iteration,unary_iteration_n5,1,62,217,31,0,0,True,unary_iteration_n5,0
unary_iteration_no_gadgets.npz,paper_no_gadgets,unary_iteration,unary_iteration_n3,1,31,31,0,0,31,True,unary_iteration_n3,0
unary_iteration_no_gadgets.npz,paper_no_gadgets,unary_iteration,unary_iteration_n4,1,63,63,0,0,63,True,unary_iteration_n4,0
unary_iteration_no_gadgets.npz,paper_no_gadgets,unary_iteration,unary_iteration_n5,1,127,127,0,0,127,True,unary_iteration_n5,0
