task_index,num_tasks,circuit_id,method,method_status,original_qasm_artifact_path,candidate_qasm_artifact_path,tcount_before,tcount_after,verification_status,verification_error,proof_path,runtime_sec,original_normalization_status,candidate_normalization_status
1,24,cuccaro_adder_n3,public_resynth_tensor_v3_phase_slack_aggressive,ok,external/circuit-to-tensor/benchmarks/applications/cuccaro_adder_n3/cuccaro_adder_n3.qasm,results/public_resynth_tensor_v3_phase_slack_aggressive/public_resynth_tensor_v3_phase_slack_aggressive/cuccaro_adder_n3/assembled.qasm,42,14,inconclusive,"Inconclusive (took 0.012s)
Reduced form:
Σ[y₀⋯y₂](-1)^{y₀ + y₀01 + y₀02 + y₀1 + y₀12 + y₀2 + y₀3 + y₁ + y₁y₂ + y₁3 + y₁6 + y₂ + y₂5 + y₂6 + 3 + 35 + 36 + 5 + 56 + 6}|0⟩|1⟩|2⟩|1 + y₂⟩|1 + y₂ + 3 + 4⟩|1 + y₁⟩|y₀⟩",results/verification_tensor_v3_profiles/all/proofs/cuccaro_adder_n3/public_resynth_tensor_v3_phase_slack_aggressive.verify.txt,0.07046914100646973,ok,ok
2,24,cuccaro_adder_n3,public_resynth_tensor_v3_phase_slack_guarded,ok,external/circuit-to-tensor/benchmarks/applications/cuccaro_adder_n3/cuccaro_adder_n3.qasm,results/public_resynth_tensor_v3_phase_slack_expanded/public_resynth_tensor_v3_phase_slack/cuccaro_adder_n3/assembled.qasm,42,14,inconclusive,"Inconclusive (took 0.010s)
Reduced form:
Σ[y₀⋯y₂](-1)^{y₀ + y₀01 + y₀02 + y₀1 + y₀12 + y₀2 + y₀3 + y₁ + y₁y₂ + y₁3 + y₁6 + y₂ + y₂5 + y₂6 + 3 + 35 + 36 + 5 + 56 + 6}|0⟩|1⟩|2⟩|1 + y₂⟩|1 + y₂ + 3 + 4⟩|1 + y₁⟩|y₀⟩",results/verification_tensor_v3_profiles/all/proofs/cuccaro_adder_n3/public_resynth_tensor_v3_phase_slack_guarded.verify.txt,0.03453326225280762,ok,ok
3,24,gf_2pow2_mult,public_resynth_tensor_v3_phase_slack_aggressive,ok,external/circuit-to-tensor/benchmarks/arithmetic/gf_2pow2_mult/gf_2pow2_mult.qasm,results/public_resynth_tensor_v3_phase_slack_aggressive/public_resynth_tensor_v3_phase_slack_aggressive/gf_2pow2_mult/assembled.qasm,28,21,equal,,results/verification_tensor_v3_profiles/all/proofs/gf_2pow2_mult/public_resynth_tensor_v3_phase_slack_aggressive.verify.txt,0.032691001892089844,ok,ok
4,24,gf_2pow2_mult,public_resynth_tensor_v3_phase_slack_guarded,ok,external/circuit-to-tensor/benchmarks/arithmetic/gf_2pow2_mult/gf_2pow2_mult.qasm,results/public_resynth_tensor_v3_phase_slack_expanded/public_resynth_tensor_v3_phase_slack/gf_2pow2_mult/assembled.qasm,28,17,equal,,results/verification_tensor_v3_profiles/all/proofs/gf_2pow2_mult/public_resynth_tensor_v3_phase_slack_guarded.verify.txt,0.023479938507080078,ok,ok
5,24,hamming_weight_n4,public_resynth_tensor_v3_phase_slack_aggressive,ok,external/circuit-to-tensor/benchmarks/applications/hamming_weight_n4/hamming_weight_n4.qasm,results/public_resynth_tensor_v3_phase_slack_aggressive/public_resynth_tensor_v3_phase_slack_aggressive/hamming_weight_n4/assembled.qasm,21,21,equal,,results/verification_tensor_v3_profiles/all/proofs/hamming_weight_n4/public_resynth_tensor_v3_phase_slack_aggressive.verify.txt,0.022881031036376953,ok,ok
6,24,hamming_weight_n4,public_resynth_tensor_v3_phase_slack_guarded,ok,external/circuit-to-tensor/benchmarks/applications/hamming_weight_n4/hamming_weight_n4.qasm,results/public_resynth_tensor_v3_phase_slack_expanded/public_resynth_tensor_v3_phase_slack/hamming_weight_n4/assembled.qasm,21,21,equal,,results/verification_tensor_v3_profiles/all/proofs/hamming_weight_n4/public_resynth_tensor_v3_phase_slack_guarded.verify.txt,0.022473812103271484,ok,ok
7,24,hamming_weight_n5,public_resynth_tensor_v3_phase_slack_aggressive,ok,external/circuit-to-tensor/benchmarks/applications/hamming_weight_n5/hamming_weight_n5.qasm,results/public_resynth_tensor_v3_phase_slack_aggressive/public_resynth_tensor_v3_phase_slack_aggressive/hamming_weight_n5/assembled.qasm,21,21,equal,,results/verification_tensor_v3_profiles/all/proofs/hamming_weight_n5/public_resynth_tensor_v3_phase_slack_aggressive.verify.txt,0.03488922119140625,ok,ok
8,24,hamming_weight_n5,public_resynth_tensor_v3_phase_slack_guarded,ok,external/circuit-to-tensor/benchmarks/applications/hamming_weight_n5/hamming_weight_n5.qasm,results/public_resynth_tensor_v3_phase_slack_expanded/public_resynth_tensor_v3_phase_slack/hamming_weight_n5/assembled.qasm,21,21,equal,,results/verification_tensor_v3_profiles/all/proofs/hamming_weight_n5/public_resynth_tensor_v3_phase_slack_guarded.verify.txt,0.035890817642211914,ok,ok
9,24,mod_5_4,public_resynth_tensor_v3_phase_slack_aggressive,ok,external/circuit-to-tensor/benchmarks/arithmetic/mod_5_4/mod_5_4.qasm,results/public_resynth_tensor_v3_phase_slack_aggressive/public_resynth_tensor_v3_phase_slack_aggressive/mod_5_4/assembled.qasm,28,7,equal,,results/verification_tensor_v3_profiles/all/proofs/mod_5_4/public_resynth_tensor_v3_phase_slack_aggressive.verify.txt,0.023296594619750977,ok,ok
10,24,mod_5_4,public_resynth_tensor_v3_phase_slack_guarded,ok,external/circuit-to-tensor/benchmarks/arithmetic/mod_5_4/mod_5_4.qasm,results/public_resynth_tensor_v3_phase_slack_expanded/public_resynth_tensor_v3_phase_slack/mod_5_4/assembled.qasm,28,7,equal,,results/verification_tensor_v3_profiles/all/proofs/mod_5_4/public_resynth_tensor_v3_phase_slack_guarded.verify.txt,0.020710229873657227,ok,ok
11,24,qft_4,public_resynth_tensor_v3_phase_slack_aggressive,ok,external/circuit-to-tensor/benchmarks/arithmetic/qft_4/qft_4.qasm,results/public_resynth_tensor_v3_phase_slack_aggressive/public_resynth_tensor_v3_phase_slack_aggressive/qft_4/assembled.qasm,69,67,equal,,results/verification_tensor_v3_profiles/all/proofs/qft_4/public_resynth_tensor_v3_phase_slack_aggressive.verify.txt,0.4188821315765381,ok,ok
12,24,qft_4,public_resynth_tensor_v3_phase_slack_guarded,ok,external/circuit-to-tensor/benchmarks/arithmetic/qft_4/qft_4.qasm,results/public_resynth_tensor_v3_phase_slack_expanded/public_resynth_tensor_v3_phase_slack/qft_4/assembled.qasm,69,53,equal,,results/verification_tensor_v3_profiles/all/proofs/qft_4/public_resynth_tensor_v3_phase_slack_guarded.verify.txt,0.24026894569396973,ok,ok
13,24,vbe_adder_3,public_resynth_tensor_v3_phase_slack_aggressive,ok,external/circuit-to-tensor/benchmarks/arithmetic/vbe_adder_3/vbe_adder_3.qasm,results/public_resynth_tensor_v3_phase_slack_aggressive/public_resynth_tensor_v3_phase_slack_aggressive/vbe_adder_3/assembled.qasm,70,21,inconclusive,"Inconclusive (took 0.058s)
Reduced form:
(-1)^{014 + 015 + 024 + 025 + 124 + 125 + 34 + 35 + 4 + 45 + 6}|0⟩|1⟩|2⟩|3⟩|4⟩|5⟩|1 + 6⟩|7⟩|8⟩|9⟩",results/verification_tensor_v3_profiles/all/proofs/vbe_adder_3/public_resynth_tensor_v3_phase_slack_aggressive.verify.txt,0.07304215431213379,ok,ok
14,24,vbe_adder_3,public_resynth_tensor_v3_phase_slack_guarded,ok,external/circuit-to-tensor/benchmarks/arithmetic/vbe_adder_3/vbe_adder_3.qasm,results/public_resynth_tensor_v3_phase_slack_expanded/public_resynth_tensor_v3_phase_slack/vbe_adder_3/assembled.qasm,70,21,inconclusive,"Inconclusive (took 0.058s)
Reduced form:
(-1)^{014 + 015 + 024 + 025 + 124 + 125 + 34 + 35 + 4 + 45 + 6}|0⟩|1⟩|2⟩|3⟩|4⟩|5⟩|1 + 6⟩|7⟩|8⟩|9⟩",results/verification_tensor_v3_profiles/all/proofs/vbe_adder_3/public_resynth_tensor_v3_phase_slack_guarded.verify.txt,0.08142590522766113,ok,ok
15,24,barenco_tof_3,public_resynth_tensor_v3_phase_slack_aggressive,ok,external/circuit-to-tensor/benchmarks/arithmetic/barenco_tof_3/barenco_tof_3.qasm,results/public_resynth_tensor_v3_phase_slack_aggressive/public_resynth_tensor_v3_phase_slack_aggressive/barenco_tof_3/assembled.qasm,28,14,equal,,results/verification_tensor_v3_profiles/all/proofs/barenco_tof_3/public_resynth_tensor_v3_phase_slack_aggressive.verify.txt,0.022586822509765625,ok,ok
16,24,barenco_tof_3,public_resynth_tensor_v3_phase_slack_guarded,ok,external/circuit-to-tensor/benchmarks/arithmetic/barenco_tof_3/barenco_tof_3.qasm,results/public_resynth_tensor_v3_phase_slack_expanded/public_resynth_tensor_v3_phase_slack/barenco_tof_3/assembled.qasm,28,14,equal,,results/verification_tensor_v3_profiles/all/proofs/barenco_tof_3/public_resynth_tensor_v3_phase_slack_guarded.verify.txt,0.022233247756958008,ok,ok
17,24,barenco_tof_4,public_resynth_tensor_v3_phase_slack_aggressive,ok,external/circuit-to-tensor/benchmarks/arithmetic/barenco_tof_4/barenco_tof_4.qasm,results/public_resynth_tensor_v3_phase_slack_aggressive/public_resynth_tensor_v3_phase_slack_aggressive/barenco_tof_4/assembled.qasm,56,28,inconclusive,"Inconclusive (took 0.066s)
Reduced form:
(-1)^{01 + 2}|0⟩|1⟩|2⟩|3⟩|4⟩|1 + 5⟩|23 + 3 + 6⟩",results/verification_tensor_v3_profiles/all/proofs/barenco_tof_4/public_resynth_tensor_v3_phase_slack_aggressive.verify.txt,0.08926892280578613,ok,ok
18,24,barenco_tof_4,public_resynth_tensor_v3_phase_slack_guarded,ok,external/circuit-to-tensor/benchmarks/arithmetic/barenco_tof_4/barenco_tof_4.qasm,results/public_resynth_tensor_v3_phase_slack_aggressive/public_resynth_tensor_v3_phase_slack_aggressive/barenco_tof_4/assembled.qasm,56,28,inconclusive,"Inconclusive (took 0.066s)
Reduced form:
(-1)^{01 + 2}|0⟩|1⟩|2⟩|3⟩|4⟩|1 + 5⟩|23 + 3 + 6⟩",results/verification_tensor_v3_profiles/all/proofs/barenco_tof_4/public_resynth_tensor_v3_phase_slack_guarded.verify.txt,0.08159995079040527,ok,ok
19,24,hwb_6,public_resynth_tensor_v3_phase_slack_aggressive,ok,external/circuit-to-tensor/benchmarks/arithmetic/hwb_6/hwb_6.qasm,results/public_resynth_tensor_v3_phase_slack_aggressive/public_resynth_tensor_v3_phase_slack_aggressive/hwb_6/assembled.qasm,105,70,timeout,Timed out after 30s.,results/verification_tensor_v3_profiles/all/proofs/hwb_6/public_resynth_tensor_v3_phase_slack_aggressive.verify.txt,30.0169460773468,ok,ok
20,24,hwb_6,public_resynth_tensor_v3_phase_slack_guarded,ok,external/circuit-to-tensor/benchmarks/arithmetic/hwb_6/hwb_6.qasm,results/public_resynth_tensor_v3_phase_slack_aggressive/public_resynth_tensor_v3_phase_slack_aggressive/hwb_6/assembled.qasm,105,70,timeout,Timed out after 30s.,results/verification_tensor_v3_profiles/all/proofs/hwb_6/public_resynth_tensor_v3_phase_slack_guarded.verify.txt,30.005248069763184,ok,ok
21,24,nc_tof_3,public_resynth_tensor_v3_phase_slack_aggressive,ok,external/circuit-to-tensor/benchmarks/arithmetic/nc_tof_3/nc_tof_3.qasm,results/public_resynth_tensor_v3_phase_slack_aggressive/public_resynth_tensor_v3_phase_slack_aggressive/nc_tof_3/assembled.qasm,21,14,equal,,results/verification_tensor_v3_profiles/all/proofs/nc_tof_3/public_resynth_tensor_v3_phase_slack_aggressive.verify.txt,0.028723955154418945,ok,ok
22,24,nc_tof_3,public_resynth_tensor_v3_phase_slack_guarded,ok,external/circuit-to-tensor/benchmarks/arithmetic/nc_tof_3/nc_tof_3.qasm,results/public_resynth_tensor_v3_phase_slack_expanded/public_resynth_tensor_v3_phase_slack/nc_tof_3/assembled.qasm,21,14,equal,,results/verification_tensor_v3_profiles/all/proofs/nc_tof_3/public_resynth_tensor_v3_phase_slack_guarded.verify.txt,0.0235750675201416,ok,ok
23,24,nc_tof_4,public_resynth_tensor_v3_phase_slack_aggressive,ok,external/circuit-to-tensor/benchmarks/arithmetic/nc_tof_4/nc_tof_4.qasm,results/public_resynth_tensor_v3_phase_slack_aggressive/public_resynth_tensor_v3_phase_slack_aggressive/nc_tof_4/assembled.qasm,35,21,inconclusive,"Inconclusive (took 0.029s)
Reduced form:
|0⟩|1⟩|2⟩|3⟩|4⟩|1 + 5⟩|6⟩",results/verification_tensor_v3_profiles/all/proofs/nc_tof_4/public_resynth_tensor_v3_phase_slack_aggressive.verify.txt,0.0435328483581543,ok,ok
24,24,nc_tof_4,public_resynth_tensor_v3_phase_slack_guarded,ok,external/circuit-to-tensor/benchmarks/arithmetic/nc_tof_4/nc_tof_4.qasm,results/public_resynth_tensor_v3_phase_slack_expanded/public_resynth_tensor_v3_phase_slack/nc_tof_4/assembled.qasm,35,21,inconclusive,"Inconclusive (took 0.028s)
Reduced form:
|0⟩|1⟩|2⟩|3⟩|4⟩|1 + 5⟩|6⟩",results/verification_tensor_v3_profiles/all/proofs/nc_tof_4/public_resynth_tensor_v3_phase_slack_guarded.verify.txt,0.04696989059448242,ok,ok
